dataset,train_mode,seed,variant,lambda_ortho,time_sec,best_val_acc,test_acc,test_ortho_corr,test_w_mean,test_w_min,test_w_max,test_ess_frac,stress_bias_0.0,stress_bias_1.0,stress_bias_2.0,stress_bias_3.0,stress_bias_4.0,corr_w_deg,corr_w_invdeg,corr_w_meandist,corr_w_invmeandist,feature_stability_cos
ModelNet10,train_clean,0,umc,0.0,708.8693952560425,0.9273182957393484,0.8449339207048458,0.0051689264303269,1.0,0.015489489849738,1.9100116846854227,0.7388194935363636,0.8303964757709251,0.7852422907488987,0.6431718061674009,0.5066079295154186,0.4240088105726872,0.0418175274304644,-0.0508170214594429,-0.2314455053679921,0.2119124843709869,0.738770922422409
ModelNet10,train_clean,0,umc,1e-05,710.1073884963989,0.9197994987468672,0.8364537444933921,0.004953850697922,1.0,0.0243047803452467,2.0119824116690115,0.7376055058680082,0.8447136563876652,0.7907488986784141,0.6398678414096917,0.5099118942731278,0.4339207048458149,-0.0057046311829253,-0.0048064616815281,-0.2090044516796297,0.181470914723377,0.746042763888836
ModelNet10,train_clean,0,umc,0.0001,706.6472308635712,0.924812030075188,0.8591674008810573,0.005527963594272,1.0,0.0361361517122228,1.9540119401195593,0.7266015598648473,0.8436123348017621,0.7786343612334802,0.6376651982378855,0.5077092511013216,0.3986784140969163,0.0580214990866807,-0.066596905537699,-0.2168522938291971,0.1987692180822705,0.7312370475381613
ModelNet10,train_clean,0,umc,0.001,707.984169960022,0.924812030075188,0.8421145374449339,0.0072963423904423,1.0,0.0024290935971293,2.133182115722121,0.6601338689787346,0.8502202643171806,0.8105726872246696,0.6905286343612335,0.5583700440528634,0.4977973568281938,0.0069013382142657,-0.0136767644642532,-0.1472739431213995,0.1283659543783869,0.74927768856287
ModelNet10,train_clean,0,umc,0.01,706.8985040187836,0.9223057644110276,0.852436123348018,0.0047858401177156,1.0,0.0644933965063261,1.9315218549025688,0.7516902162317645,0.8513215859030837,0.7962555066079295,0.6431718061674009,0.512114537444934,0.4185022026431718,0.0488497832344364,-0.0572686177674768,-0.222789994972436,0.2048003634805354,0.7311648955196142
ModelNet10,train_clean,0,umc,0.1,705.7433850765228,0.9273182957393484,0.8672577092511013,0.004923830354145,0.9999999989543044,0.0300690791247784,1.9002433366942824,0.7462598775562487,0.8601321585903083,0.8083700440528634,0.6751101321585903,0.525330396475771,0.4669603524229075,0.0568420799498198,-0.0661150133066257,-0.2225576815275417,0.2044452529908767,0.7396737765520811
ModelNet10,train_clean,0,umc,1.0,708.3901982307434,0.9298245614035088,0.8634691629955947,0.0046110374652862,1.0,0.0193790703187755,1.7594573121321828,0.7602857319932235,0.8689427312775331,0.8138766519823789,0.6596916299559471,0.5099118942731278,0.4713656387665198,0.050553694260634,-0.0615932257309395,-0.2330720652316813,0.2078049064127753,0.7408136688917876
ModelNet10,train_clean,0,umc,10.0,707.5563228130341,0.9298245614035088,0.8414977973568282,0.0020238011171673,1.0,0.1768231996449462,1.6111884200782107,0.8649938367960746,0.8425110132158591,0.7951541850220264,0.6299559471365639,0.4955947136563877,0.4151982378854625,0.131637309398684,-0.1449079054211324,-0.3279734302632278,0.304420726254466,0.7381635165214538
ModelNet10,train_clean,0,umc,100.0,707.0509643554688,0.912280701754386,0.8364537444933921,0.0003247297457786,1.0,0.4473487227632288,1.2872745614302783,0.9715599804593804,0.8425110132158591,0.776431718061674,0.5803964757709251,0.4548458149779735,0.3744493392070485,0.3373592650983482,-0.3582552602980285,-0.5100534502111259,0.4639176132535795,0.7333492222428322
ModelNet10,train_clean,0,umc,1000.0,707.2577867507935,0.899749373433584,0.8153083700440529,4.610740130342412e-05,1.0,0.6799803083403069,1.198177080405386,0.9925630270389088,0.8149779735682819,0.7048458149779736,0.5308370044052864,0.4405286343612334,0.3876651982378855,0.7210224635899067,-0.7455677965655922,-0.6135110134026036,0.5685556818381883,0.7299814233183861
ModelNet10,train_clean,1,umc,0.0,706.7561395168304,0.9298245614035088,0.8465859030837004,0.0038505962369718,1.0,0.0933867630123961,1.8509867421367712,0.7858373261334604,0.8436123348017621,0.7940528634361234,0.6464757709251101,0.5242290748898678,0.4515418502202643,0.0927946143758163,-0.1020703928786588,-0.2474344580747129,0.2290338165483262,0.7383291209489107
ModelNet10,train_clean,1,umc,1e-05,708.2816817760468,0.9323308270676692,0.8535242290748899,0.0048935456005366,1.0,0.04860130925898,1.894824310352928,0.7507614472456146,0.8546255506607929,0.816079295154185,0.6442731277533039,0.5308370044052864,0.4504405286343612,0.0760483026077054,-0.085166760224456,-0.2400637897580964,0.2234629914193647,0.739053935110569
ModelNet10,train_clean,1,umc,0.0001,715.9154598712921,0.9423558897243108,0.8591674008810573,0.0044088458658702,1.0,0.0411357889967978,1.8887295722961424,0.7620068798985398,0.8370044052863436,0.7984581497797357,0.6519823788546255,0.5539647577092511,0.4702643171806167,0.0660472676958306,-0.0749396383560679,-0.2245340185094392,0.2052952947742596,0.7494771187007427
ModelNet10,train_clean,1,umc,0.001,704.662002325058,0.9298245614035088,0.8487224669603524,0.0036103510177334,1.0,0.0698625960976003,1.6939321170773425,0.8023952737189176,0.8557268722466961,0.8061674008810573,0.6387665198237885,0.5198237885462555,0.4372246696035242,0.11253476619313,-0.1232463750568058,-0.2587578414681502,0.232629394394462,0.7399124890193343
ModelNet10,train_clean,1,umc,0.01,706.7625045776367,0.912280701754386,0.8502334801762114,0.0012723415101502,0.9999998912476656,0.3884997749537752,2.0169379836634587,0.9065591243275424,0.8248898678414097,0.7731277533039648,0.6277533039647577,0.5418502202643172,0.4537444933920704,-0.2936084202301572,0.2975827143192873,0.1109882729750097,-0.0984152229670144,0.7520753052085638
ModelNet10,train_clean,1,umc,0.1,703.6105742454529,0.9298245614035088,0.8689096916299559,0.0040674828076653,0.9999999989543044,0.0537763123988713,1.8488524482961288,0.7760050380439089,0.8546255506607929,0.7951541850220264,0.6112334801762115,0.5407488986784141,0.4416299559471365,0.0958693508011492,-0.1057815170686808,-0.2478921621383051,0.2277098602760816,0.7463656095415354
ModelNet10,train_clean,1,umc,1.0,707.0540833473206,0.924812030075188,0.8590638766519823,0.0050883562316333,1.0,0.0187550520801634,1.844738657014412,0.7407356260115641,0.8480176211453745,0.7973568281938326,0.6519823788546255,0.5440528634361234,0.4515418502202643,0.0635966805262569,-0.073336068649678,-0.2242455945231995,0.2028038551961799,0.7513723251968623
ModelNet10,train_clean,1,umc,10.0,707.5399708747864,0.9273182957393484,0.8420484581497797,0.0013929741179341,1.0,0.2112141718205652,1.4459664905280398,0.9023739862860296,0.8381057268722467,0.7444933920704846,0.5980176211453745,0.5077092511013216,0.4460352422907489,0.1413313246299367,-0.1538390550129406,-0.2938831659361313,0.2583119086993974,0.7463246013224125
ModelNet10,train_clean,1,umc,100.0,705.1377246379852,0.9197994987468672,0.8392070484581498,0.0003515414421583,1.0,0.3803532637263599,1.28408117879901,0.9686904058121798,0.8381057268722467,0.7323788546255506,0.5374449339207048,0.4581497797356828,0.3865638766519824,0.3447705544065684,-0.3669175918446853,-0.5366846592936781,0.4930256012361497,0.7417978687956929
ModelNet10,train_clean,1,umc,1000.0,705.8604412078857,0.9147869674185464,0.8241189427312775,4.063455507045881e-05,1.0,0.683632427140286,1.2070376580221611,0.9926765247395164,0.816079295154185,0.710352422907489,0.5495594713656388,0.4691629955947136,0.4063876651982379,0.7659112991765141,-0.787893490307033,-0.5251234688737896,0.4736562959325965,0.7348607395589352
ModelNet10,train_clean,2,umc,0.0,701.7301123142242,0.912280701754386,0.8537444933920705,0.0043068498162667,0.9999999989543044,0.0537514245880996,1.8971597981034665,0.7685936197899935,0.8601321585903083,0.788546255506608,0.6409691629955947,0.5044052863436124,0.4251101321585903,0.0533928903718333,-0.0636547411506398,-0.2535854358418873,0.2366344003101403,0.7435262431949377
ModelNet10,train_clean,2,umc,1e-05,706.5792200565338,0.924812030075188,0.8441629955947137,0.0032773094033217,1.0,0.0712896165511521,1.7000991545225446,0.8111720817130909,0.8579295154185022,0.7874449339207048,0.6497797356828194,0.5022026431718062,0.4140969162995594,0.060862354281744,-0.0724218977167765,-0.2772706714080414,0.2566767269323463,0.7464670320600271
ModelNet10,train_clean,2,umc,0.0001,707.7496616840363,0.912280701754386,0.8448502202643172,0.0035886732195585,1.0,0.1258971249161843,1.7782193966079176,0.7994383008856523,0.8458149779735683,0.7687224669603524,0.6497797356828194,0.4779735682819383,0.3898678414096916,0.0747756587335288,-0.0846358503720694,-0.2758745147681111,0.2584372929541132,0.735738071501255
ModelNet10,train_clean,2,umc,0.001,706.4681749343872,0.9197994987468672,0.8360572687224669,0.0035336981466236,1.0,0.1088720140651914,1.7889941387009205,0.7947446379745216,0.8314977973568282,0.7665198237885462,0.6596916299559471,0.5275330396475771,0.4405286343612334,0.0272112341781394,-0.0356459591505881,-0.231386657998155,0.2121452632567525,0.7376771291345358
ModelNet10,train_clean,2,umc,0.01,706.0198566913605,0.9147869674185464,0.8496828193832598,0.0052597040878282,0.9999999989543044,0.0265607923627197,1.9278388901760704,0.7300595599308348,0.8348017621145375,0.7698237885462555,0.6442731277533039,0.5319383259911894,0.4471365638766519,0.0344754256560008,-0.0438741539117813,-0.2232253881011274,0.2074378769080795,0.7492584685236215
ModelNet10,train_clean,2,umc,0.1,706.3480525016785,0.9147869674185464,0.8667070484581497,0.0038883851998354,1.0,0.0952167916683512,1.8113233980379608,0.786904327702104,0.8634361233480177,0.7808370044052864,0.670704845814978,0.5176211453744494,0.4449339207048458,0.0744411312723968,-0.0845570106394234,-0.2708956931121065,0.2538514168048095,0.7364894977211952
ModelNet10,train_clean,2,umc,1.0,706.9731426239014,0.9147869674185464,0.8463986784140969,0.0031891646192474,1.0,0.0640723191021958,1.6928827114272536,0.8138517078600431,0.8348017621145375,0.7555066079295154,0.6354625550660793,0.5242290748898678,0.435022026431718,0.0793492738761415,-0.0910492752076947,-0.2531151796130871,0.2280045025858271,0.7507706529647112
ModelNet10,train_clean,2,umc,10.0,707.968257188797,0.9097744360902256,0.8464537444933921,0.0015287906648346,1.0,0.2351245659223774,1.5389948644136129,0.8926887386723569,0.8370044052863436,0.7312775330396476,0.6002202643171806,0.4801762114537445,0.4030837004405286,0.1122393937846936,-0.1260654155697921,-0.3489358837719919,0.325092508608941,0.7441518650949002
ModelNet10,train_clean,2,umc,100.0,708.0912044048309,0.9097744360902256,0.8270925110132159,0.0003641160726322,1.0,0.4236263604017726,1.3272796806536222,0.967814382753874,0.8337004405286343,0.723568281938326,0.5781938325991189,0.4746696035242291,0.4052863436123348,0.3137537763810542,-0.3343878626357764,-0.5036660185985966,0.4645128220337938,0.7398671545088291
ModelNet10,train_clean,2,umc,1000.0,707.2136363983154,0.899749373433584,0.8224669603524229,5.178920943300207e-05,1.0,0.637253086817892,1.213769661752801,0.991395844702135,0.8337004405286343,0.736784140969163,0.5881057268722467,0.4922907488986784,0.4174008810572687,0.7227292839437723,-0.7466232007369399,-0.5754880405031144,0.5248881508479826,0.7388211268931627
ModelNet10,train_aug,0,umc,0.0,722.6382236480713,0.8872180451127819,0.8283590308370044,0.0079216691420266,1.0,0.000591481904286,2.1405794892394754,0.6393671966435617,0.8348017621145375,0.8392070484581498,0.8061674008810573,0.698237885462555,0.6453744493392071,-0.0028754863982612,-0.0032857266623977,-0.1006374487317771,0.0820364914608035,0.7559077900648117
ModelNet10,train_aug,0,umc,1e-05,724.5575513839722,0.8320802005012531,0.7954845814977974,0.0008338293644779,0.9999982798308656,0.4549800230745683,2.067662101042898,0.9277662195657428,0.7852422907488987,0.775330396475771,0.7466960352422908,0.670704845814978,0.5781938325991189,-0.5065548363607377,0.5282838453538716,0.5647603676465224,-0.5513675365597009,0.7085321168601513
ModelNet10,train_aug,0,umc,0.0001,725.2326567173004,0.9022556390977444,0.8456938325991189,0.0079827079296177,0.9999999968629134,0.0041732327786859,2.2861839344626977,0.6385770942035475,0.8579295154185022,0.8392070484581498,0.8083700440528634,0.7433920704845814,0.6718061674008811,0.006694786025082,-0.0112891041284683,-0.1104596106561075,0.0953683425184863,0.7458299262821675
ModelNet10,train_aug,0,umc,0.001,729.5210082530975,0.8771929824561403,0.8299449339207049,0.0080095200611507,0.9999999989543044,0.0036380183958643,2.465829803232561,0.6323126847283882,0.8414096916299559,0.829295154185022,0.7907488986784141,0.7037444933920705,0.6343612334801763,-0.0565107547728985,0.053370676679151,-0.0610824894345569,0.0428690201100835,0.7224111408740282
ModelNet10,train_aug,0,umc,0.01,726.6383152008057,0.8822055137844611,0.8476674008810573,0.0079622454737035,1.0,0.0031111650992945,2.244304947685777,0.6392609989433958,0.8414096916299559,0.8348017621145375,0.775330396475771,0.697136563876652,0.6321585903083701,0.0119421655998621,-0.0168024962200433,-0.1188704367883474,0.1061378147831419,0.7473807391524315
ModelNet10,train_aug,0,umc,0.1,726.3284075260162,0.8922305764411027,0.8600770925110132,0.0092937191376429,1.0,0.0021550297176258,2.4641735804708382,0.5995215658555951,0.8403083700440529,0.8325991189427313,0.775330396475771,0.7059471365638766,0.6674008810572687,0.0041093476904279,-0.0076612776558249,-0.0832837913689218,0.0689359373292063,0.7512574264407158
ModelNet10,train_aug,0,umc,1.0,726.4744603633881,0.8471177944862155,0.8242951541850220,0.0011617914924659,0.999999653874782,0.4257186185895351,1.9171817700068157,0.9091229553808244,0.788546255506608,0.7852422907488987,0.7301762114537445,0.6806167400881057,0.6035242290748899,-0.3914266588399187,0.4040857446147129,0.2727371026794571,-0.2628229781244954,0.7226567962765693
ModelNet10,train_aug,0,umc,10.0,725.1992795467377,0.8822055137844611,0.8328524229074890,0.0025467014020888,1.0,0.1756112270972185,1.61932152823398,0.8411614675270883,0.8149779735682819,0.8039647577092511,0.7665198237885462,0.6905286343612335,0.6343612334801763,0.1227614544199241,-0.1330685965487646,-0.2553840607484744,0.2281536345512904,0.7336450123786926
ModelNet10,train_aug,0,umc,100.0,726.6832749843597,0.8671679197994987,0.8291299559471366,0.0004886381076383,0.9999999989543044,0.4007209868807542,1.35408377856539,0.9609464574278448,0.8381057268722467,0.8259911894273128,0.7786343612334802,0.6949339207048458,0.6024229074889867,0.2833192673111625,-0.2969641119707376,-0.2848353211469657,0.2361470516720146,0.7323629487305879
ModelNet10,train_aug,0,umc,1000.0,726.0127668380737,0.8471177944862155,0.8038546255506608,5.005742145601145e-05,0.9999999989543044,0.6657667797908449,1.2328569136167828,0.9907814462979636,0.8061674008810573,0.7951541850220264,0.7610132158590308,0.6552863436123348,0.5638766519823789,0.7719857152551413,-0.7929271196946501,-0.460696791956434,0.4145755289588123,0.7302424707636237
ModelNet10,train_aug,1,umc,0.0,725.4074747562408,0.8596491228070176,0.8030286343612335,0.0006285946052358,0.9999987859474984,0.5009984462930445,1.807445486386617,0.9491639681029738,0.7984581497797357,0.7863436123348018,0.7522026431718062,0.6850220264317181,0.6024229074889867,-0.511652257759124,0.5314572354080156,0.5566439733767765,-0.5455475559014303,0.7223932844027877
ModelNet10,train_aug,1,umc,1e-05,725.5053989887238,0.8571428571428571,0.7987885462555066,0.0006957854575216,0.9999991122045016,0.4905293536813636,2.0076695074114883,0.9409424254768772,0.789647577092511,0.7610132158590308,0.748898678414097,0.6751101321585903,0.5726872246696035,-0.5291187915252522,0.5515130198560655,0.6123297437545261,-0.594781267712824,0.7233595161139965
ModelNet10,train_aug,1,umc,0.0001,725.540007352829,0.9022556390977444,0.8302753303964758,0.0064657019091802,1.0,0.0406591561194019,2.126396973927816,0.6835616272792482,0.8204845814977973,0.8237885462555066,0.7852422907488987,0.724669603524229,0.6552863436123348,-0.0134018102896789,0.0099181166682228,-0.1189126615299756,0.1077823459582759,0.7358022725582123
ModelNet10,train_aug,1,umc,0.001,725.6220715045929,0.899749373433584,0.8222356828193833,0.0059563257780514,1.0,0.0505767844437637,2.3363489874622276,0.6942722410486456,0.8182819383259912,0.8050660792951542,0.7544052863436124,0.7125550660792952,0.6431718061674009,-0.0899122449553942,0.0902193712777602,-0.0185495947243907,0.0019363362109288,0.7286609856039286
ModelNet10,train_aug,1,umc,0.01,726.039705991745,0.9047619047619048,0.8542753303964758,0.0071667485886759,1.0,0.0157036127488218,2.2311828826603137,0.6644666770048309,0.8325991189427313,0.8259911894273128,0.7841409691629956,0.751101321585903,0.6585903083700441,-0.0070007980683385,0.00350598870682,-0.109457988494978,0.0971546783384837,0.7343200577050447
ModelNet10,train_aug,1,umc,0.1,725.4245874881744,0.9072681704260652,0.8562224669603524,0.006383972348678,1.0,0.0092526228410318,2.079603343679194,0.688540426262638,0.8403083700440529,0.8270925110132159,0.7874449339207048,0.7411894273127754,0.6266519823788547,-0.0071688568928493,0.0020679842830304,-0.1212625698106421,0.1054331605718289,0.7534812976419926
ModelNet10,train_aug,1,umc,1.0,726.4393982887268,0.9097744360902256,0.8523788546255507,0.0079833504850077,1.0,0.015061499400864,2.2981721832041155,0.642762423607341,0.8447136563876652,0.8469162995594713,0.8094713656387665,0.7444933920704846,0.6442731277533039,0.0168552277924391,-0.0206776015801438,-0.1343477717753557,0.1243439623533049,0.7293764639645814
ModelNet10,train_aug,1,umc,10.0,724.3670012950897,0.9072681704260652,0.8334030837004405,0.0030139842225859,0.9999999989543044,0.1982815893072831,1.7346838043447126,0.81465202465392,0.8226872246696035,0.8348017621145375,0.775330396475771,0.7290748898678414,0.6310572687224669,-0.0078111911348969,0.0023326666438151,-0.151036455592839,0.1335381314973346,0.7390954994410276
ModelNet10,train_aug,1,umc,100.0,729.1475358009338,0.8796992481203008,0.8109581497797357,0.000593394920814,1.0,0.4271535235538817,1.3672598663129305,0.9529487145574468,0.8127753303964758,0.7797356828193832,0.7389867841409692,0.6916299559471366,0.5825991189427313,0.2379451653974683,-0.2497126267865496,-0.2782182975252908,0.2400976501918194,0.7438285524398088
ModelNet10,train_aug,1,umc,1000.0,725.6330795288086,0.8521303258145363,0.7950440528634361,4.4060700498735774e-05,1.0,0.6841537147237543,1.2370781877584625,0.9914549693726656,0.7797356828193832,0.7742290748898678,0.7312775330396476,0.6751101321585903,0.5451541850220264,0.7903072724118829,-0.8094799680635333,-0.4138322172657354,0.3651758607215015,0.7385703865811228
ModelNet10,train_aug,2,umc,0.0,723.741644859314,0.87468671679198,0.818997797356828,0.0074410142107425,1.0,0.0037244468771341,2.1233998997169627,0.6564896734137284,0.8348017621145375,0.816079295154185,0.7797356828193832,0.7191629955947136,0.6453744493392071,0.002442992080023,-0.0082543800606799,-0.1356541095306966,0.1228525933719311,0.7534610556066036
ModelNet10,train_aug,2,umc,1e-05,726.8656325340271,0.8922305764411027,0.8279735682819383,0.0082610386562648,1.0,0.0291362576546753,2.4333319538518,0.6285271770075748,0.8546255506607929,0.8237885462555066,0.7973568281938326,0.7301762114537445,0.6938325991189427,-0.0708437081402735,0.0699891585127261,-0.0713588277736562,0.0609671002051982,0.7262979479879141
ModelNet10,train_aug,2,umc,0.0001,727.9743356704712,0.8771929824561403,0.818711453744493,0.0070416021463052,0.9999999989543044,0.0296093659991655,2.0769120914894237,0.6700089971224467,0.829295154185022,0.7984581497797357,0.751101321585903,0.7059471365638766,0.6464757709251101,-0.0062496787714735,0.0012354145073913,-0.1584411889962211,0.1479202951639308,0.7268102279305458
ModelNet10,train_aug,2,umc,0.001,724.4060997962952,0.8370927318295739,0.8007599118942732,0.000834386221852,0.999999109067415,0.4485647809087184,2.18367198057342,0.926456143981532,0.7863436123348018,0.7775330396475771,0.7455947136563876,0.7070484581497798,0.5859030837004405,-0.5291358051123097,0.5529211370041593,0.6719968880875967,-0.6553114390699193,0.7112833596765995
ModelNet10,train_aug,2,umc,0.01,726.6105718612671,0.8847117794486216,0.8509713656387666,0.0074014341409661,1.0,0.0192863535726326,2.2614667812983194,0.6576429155834934,0.8325991189427313,0.8215859030837004,0.7665198237885462,0.711453744493392,0.6464757709251101,-0.0543253763145912,0.0504243168405992,-0.1250466846002382,0.1144046144323965,0.7324234373122454
ModelNet10,train_aug,2,umc,0.1,726.8657910823822,0.8922305764411027,0.855671806167401,0.0069969049777443,1.0,0.0091712415903378,2.249769976264552,0.6675881272868106,0.8325991189427313,0.8270925110132159,0.7918502202643172,0.7213656387665198,0.6464757709251101,-0.0428658905260817,0.0380322268053987,-0.1013512376361177,0.0864369796909159,0.7514814659953117
ModelNet10,train_aug,2,umc,1.0,728.2903504371643,0.8822055137844611,0.8424669603524229,0.0061399002820906,1.0,0.0448886006411875,2.09143168466133,0.6976219959426344,0.8370044052863436,0.8105726872246696,0.7797356828193832,0.7257709251101322,0.6685022026431718,-0.0413646589700874,0.0372464999005387,-0.1321929912126506,0.119495458871097,0.7344548210501671
ModelNet10,train_aug,2,umc,10.0,726.6810865402222,0.9097744360902256,0.8317511013215859,0.0028837546644928,0.9999999989543044,0.1788685351218047,1.6337363218006336,0.8239534465890181,0.8370044052863436,0.8248898678414097,0.8039647577092511,0.7312775330396476,0.6795154185022027,0.0270634565000364,-0.0351222311996934,-0.1923328307630072,0.1705485569473239,0.7349158122390509
ModelNet10,train_aug,2,umc,100.0,727.4345490932465,0.8621553884711779,0.8153634361233480,0.0004924956980782,1.0,0.3970907218100732,1.342791383726555,0.9599460081050272,0.8215859030837004,0.8105726872246696,0.75,0.6949339207048458,0.6266519823788547,0.2830055009340867,-0.2972081283747684,-0.3038948130177232,0.2608963714508718,0.7421261317282916
ModelNet10,train_aug,2,umc,1000.0,725.3119223117828,0.8421052631578947,0.8044052863436123,4.980015779565611e-05,0.9999999989543044,0.6488422448174995,1.23944189883115,0.9905772219624436,0.8105726872246696,0.7863436123348018,0.7202643171806168,0.6486784140969163,0.5583700440528634,0.7749880393967032,-0.7954878523945809,-0.4742589694564231,0.4264786074752919,0.7403025080636144
ModelNet10,train_aug,41,umc,0.0001,1916.7663102149963,0.8872180451127819,0.8385352422907489,0.006632819395969834,1.0,0.004493470087891781,2.018306520947239,0.6843429218258774,0.8314977973568282,0.8248898678414097,0.7962555066079295,0.7004405286343612,0.6508810572687225,0.01840586000271287,-0.02520037069251657,-0.14938895980922098,0.13415872302807658,0.7611670723557472
ModelNet10,train_aug,42,umc,0.0001,2118.693258523941,0.8621553884711779,0.8379845814977973,0.009375230682883085,0.9999999989543045,0.021761270512606165,2.677112901419924,0.5930319444129342,0.8579295154185022,0.8281938325991189,0.7962555066079295,0.7389867841409692,0.6530837004405287,-0.0673408828221909,0.06596834452266194,-0.05412750038667582,0.044934726850306105,0.7340067291259765
ModelNet10,train_aug,43,umc,0.0001,1959.5730719566345,0.8421052631578947,0.8176101321585903,0.0006997194442399696,0.9999997323019463,0.49403224597897444,1.9202370748185276,0.9419747225025243,0.7995594713656388,0.7852422907488987,0.7433920704845814,0.6729074889867841,0.5881057268722467,-0.5290062920656056,0.5499454553239047,0.5976727293418662,-0.5834235014684964,0.6979571628570557
ModelNet10,train_aug,44,umc,0.0001,2034.4254701137543,0.8395989974937343,0.8071475770925110,0.0008839078455869304,0.9999999351668776,0.40200820382226976,1.7466295016439337,0.9324816935940793,0.7610132158590308,0.7720264317180616,0.7092511013215859,0.6828193832599119,0.6057268722466961,-0.43842543885111807,0.45387873380677773,0.4472618003783282,-0.4430090024499805,0.7256789214909076
ModelNet10,train_aug,45,umc,0.0001,1982.896175146103,0.8947368421052632,0.8390859030837004,0.007081145771958849,1.0,0.0684414657257628,2.2209234990571676,0.6607078742562679,0.8480176211453745,0.8403083700440529,0.7874449339207048,0.710352422907489,0.6475770925110133,-0.06739398162862927,0.06543930009520409,-0.10737318953433714,0.0986787257483229,0.7288394260406494
ModelNet10,train_aug,46,umc,0.0001,1951.2589740753174,0.8721804511278195,0.8280726872246696,0.008655881206913475,0.9999999979086089,0.008041821811307352,2.440748279554802,0.6143778217466254,0.8171806167400881,0.829295154185022,0.7852422907488987,0.7290748898678414,0.6607929515418502,-0.07758416071901593,0.07484382014481525,-0.06442122518783436,0.05456134425403434,0.753015018850565
ModelNet10,train_aug,47,umc,0.0001,2022.2058713436127,0.8521303258145363,0.8060462555066079,0.000898664085022909,0.9999999414410508,0.464946707089742,1.8658607821715505,0.9298055673900404,0.775330396475771,0.7566079295154186,0.7125550660792952,0.6662995594713657,0.5825991189427313,-0.41969496812671425,0.4369894322473556,0.4215029632279766,-0.39807483722361214,0.7308008229732513
ModelNet10,train_aug,41,umc,0.001,2040.9339032173157,0.8872180451127819,0.824988986784141,0.008351868108372417,0.9999999989543045,0.001293013190110957,2.2463825397324144,0.6267784248318589,0.8469162995594713,0.8303964757709251,0.8006607929515418,0.7081497797356828,0.6156387665198237,-0.017478792201518444,0.012845346820699887,-0.11768741178675554,0.10454163402027916,0.757101980894804
ModelNet10,train_aug,42,umc,0.001,2116.2833893299103,0.8596491228070176,0.8337995594713656,0.007468921602131766,0.9999999989543045,0.0037987625569696733,2.3087525284081174,0.6532504192569799,0.8557268722466961,0.8403083700440529,0.775330396475771,0.7257709251101322,0.6629955947136564,-0.04397239346399147,0.04008079047639512,-0.08379770208484842,0.07517002781166866,0.7664727279543877
ModelNet10,train_aug,43,umc,0.001,2059.7972235679626,0.8596491228070176,0.7864427312775331,0.0007955631238138793,0.9999997019767761,0.46879305546743827,2.0886679929599428,0.9337840812248096,0.7345814977973568,0.7610132158590308,0.710352422907489,0.6629955947136564,0.5914096916299559,-0.48908171807415785,0.5087848509894684,0.5565349356475053,-0.5316482068155892,0.7087945050001144
ModelNet10,train_aug,44,umc,0.001,2038.691963672638,0.8421052631578947,0.7958039647577093,0.0009247175787510187,0.9999998881105792,0.45416885875819024,1.9398771670826696,0.9247922228093732,0.7455947136563876,0.7610132158590308,0.7323788546255506,0.6817180616740088,0.6200440528634361,-0.42685256954282524,0.4438605445669964,0.41827595960821784,-0.415393838327509,0.7223422960937023
ModelNet10,train_aug,45,umc,0.001,2227.7974195480347,0.8847117794486216,0.8260903083700441,0.008138867850791206,0.9999999989543045,0.01667687183167369,2.256289561589559,0.6381782387432299,0.829295154185022,0.8116740088105727,0.75,0.7136563876651982,0.6233480176211453,-0.007646741438657045,0.003788374384794224,-0.11895549793116515,0.10897051749207094,0.7326495458930731
ModelNet10,train_aug,46,umc,0.001,2062.0102245807648,0.8872180451127819,0.8382048458149780,0.006939147149719167,0.9999999989543045,0.008906167484209809,2.1503542285216484,0.6702331095411066,0.8337004405286343,0.8237885462555066,0.7775330396475771,0.723568281938326,0.6189427312775331,-0.021379821380469365,0.01582979820705077,-0.11844851805508369,0.10505103144751046,0.759662234634161
ModelNet10,train_aug,47,umc,0.001,2086.7994797229767,0.8621553884711779,0.798557268722467,0.0018550500890501496,0.9999999550350925,0.2968006301344487,2.171052909733956,0.8664711619678297,0.801762114537445,0.7863436123348018,0.75,0.6828193832599119,0.6035242290748899,-0.3350059522781521,0.344194304139819,0.16533394711950677,-0.14695698851646738,0.743182713277638
ModelNet10,train_aug,41,umc,0.01,2085.085948228836,0.8847117794486216,0.8553766519823789,0.008550617173967654,0.9999999979086089,0.0019154060043503481,2.286855837755036,0.6190829454806813,0.8370044052863436,0.8237885462555066,0.7742290748898678,0.7257709251101322,0.6530837004405287,-0.01645307216240326,0.012523014210182737,-0.10765382757381303,0.09397109978381195,0.7524512876570225
ModelNet10,train_aug,42,umc,0.01,2066.9854652881622,0.8646616541353384,0.8520726872246697,0.006440100721655446,0.9999999989543045,0.03452883118032396,2.1415714527431287,0.6818970901924267,0.8469162995594713,0.8215859030837004,0.7874449339207048,0.7081497797356828,0.6145374449339207,-0.036535117265157166,0.03402170674421541,-0.08181647496894584,0.06861880881451725,0.7330910366773605
ModelNet10,train_aug,43,umc,0.01,2110.21075463295,0.8446115288220551,0.8102224669603525,0.0007683392277134484,0.9999989292077851,0.4951093667431882,2.2635889952642874,0.9276475373067354,0.7566079295154186,0.7477973568281938,0.7202643171806168,0.6674008810572687,0.6057268722466961,-0.604979383572936,0.6323576845228672,0.6314320549485274,-0.5983707426115871,0.6925308838486671
ModelNet10,train_aug,44,umc,0.01,2091.409888267517,0.8721804511278195,0.8537246696035243,0.009678031015618328,0.9999999968629134,0.015466362500175915,2.6514968495619926,0.5886688143537756,0.8436123348017621,0.816079295154185,0.7720264317180616,0.710352422907489,0.6729074889867841,-0.08820756360692031,0.08745735469428836,-0.0502172711690946,0.04330410113252583,0.7196147840470075
ModelNet10,train_aug,45,umc,0.01,2166.8832635879517,0.8872180451127819,0.8493193832599119,0.0070514862278574396,1.0,0.004834835222637642,2.0582106887248526,0.670016466525563,0.8436123348017621,0.8348017621145375,0.7687224669603524,0.7301762114537445,0.6718061674008811,0.012008053090539761,-0.017702784761149816,-0.14886763499562222,0.13536985574237406,0.7612549525499344
ModelNet10,train_aug,46,umc,0.01,2099.95432305336,0.8170426065162907,0.8239889867841410,0.001335088159529525,0.999999485517803,0.3511993197495477,2.10654924626936,0.892619153909516,0.76431718061674,0.7841409691629956,0.748898678414097,0.6674008810572687,0.5936123348017621,-0.4376890014624223,0.45554484573658555,0.4373406686145245,-0.4403460843685025,0.7096191313862801
ModelNet10,train_aug,47,umc,0.01,2133.8759410381317,0.87468671679198,0.8487687224669604,0.005282866121106373,0.9999999979086089,0.06457099412657778,1.8924805636991535,0.7256924144008703,0.8480176211453745,0.8138766519823789,0.7819383259911894,0.7257709251101322,0.6541850220264317,-0.011667770880922034,0.005701226196515563,-0.11480009035367403,0.09920045746257529,0.7416640163958073
ModelNet10,train_aug,41,umc,0.1,2292.8655960559845,0.8872180451127819,0.8694383259911894,0.007232131264907749,0.9999999979086089,0.00796751059293025,2.220414320627848,0.6581502044410036,0.8436123348017621,0.829295154185022,0.7852422907488987,0.7334801762114538,0.6674008810572687,-0.02613638077509677,0.02160013711923057,-0.108047013750911,0.09247147123387549,0.7517965979874134
ModelNet10,train_aug,42,umc,0.1,1904.1044187545776,0.8696741854636592,0.8584251101321586,0.006798441967060953,0.9999999979086089,0.008374040397420526,2.1462983938685634,0.6739515296199865,0.8359030837004405,0.8193832599118943,0.7940528634361234,0.7312775330396476,0.6563876651982379,-0.00992255854225732,0.004185666297871649,-0.11852656359405955,0.1034665051479351,0.7698761065304279
ModelNet10,train_aug,43,umc,0.1,1877.921228647232,0.8671679197994987,0.8303414096916300,0.002856429398729744,1.0,0.22734760375399338,2.0364521219019305,0.8158624527747171,0.788546255506608,0.775330396475771,0.711453744493392,0.6828193832599119,0.5914096916299559,-0.18060686751596222,0.18472037774954514,0.11924572571515454,-0.11440107015441754,0.7156522662192583
ModelNet10,train_aug,44,umc,0.1,1869.258786201477,0.8872180451127819,0.8650330396475771,0.006703049540846494,0.9999999979086089,0.03265335531129191,2.1943048050529077,0.6772331156228718,0.8436123348017621,0.8149779735682819,0.7907488986784141,0.7455947136563876,0.6729074889867841,-0.06336837310691408,0.060373108643079834,-0.0844814714306267,0.06835847358888714,0.7396506479382515
ModelNet10,train_aug,45,umc,0.1,1863.6577813625336,0.8922305764411027,0.8655837004405286,0.007881987933886418,0.9999999968629134,0.02177038584854747,2.3880252545340017,0.6420700497794569,0.8314977973568282,0.8237885462555066,0.7720264317180616,0.7323788546255506,0.6519823788546255,-0.03172068003448203,0.028874790495501658,-0.09046223397103859,0.08107479029786191,0.7275906441360712
ModelNet10,train_aug,46,umc,0.1,1848.885241985321,0.8345864661654135,0.8479625550660793,0.002679889909351212,0.999999934121182,0.19920814311818072,2.267610746517516,0.8159113233549553,0.7995594713656388,0.8094713656387665,0.7400881057268722,0.7081497797356828,0.6244493392070485,-0.28013808771538606,0.2864281395217404,0.11390197033215373,-0.10094685900112381,0.7465152372419834
ModelNet10,train_aug,47,umc,0.1,1878.3038656711578,0.8847117794486216,0.8617290748898678,0.006243743161719881,0.9999999989543045,0.04427561453715163,2.0385443955137017,0.6940108673614368,0.8502202643171806,0.8116740088105727,0.7929515418502202,0.7577092511013216,0.6519823788546255,-0.037200800903974596,0.03269091240981652,-0.1222119879850652,0.10762750709845932,0.7355697303265333
ModelNet10,train_aug,41,umc,0.0,1903.677265405655,0.8796992481203008,0.8327643171806167,0.008926010359764883,1.0,0.008006326670269709,2.512292562869557,0.610713099178515,0.8370044052863436,0.8226872246696035,0.7808370044052864,0.6927312775330396,0.6200440528634361,-0.04465088475317316,0.04228852251740136,-0.08562916640767071,0.07636339673408657,0.7450652620196343
ModelNet10,train_aug,42,umc,0.0,1875.4531078338623,0.8646616541353384,0.8393722466960352,0.008319246157873095,0.9999999979086089,0.001355334703676267,2.2409140499014604,0.628965719750053,0.8381057268722467,0.8270925110132159,0.7863436123348018,0.7290748898678414,0.6795154185022027,0.0063142058874746,-0.011044637363011135,-0.10185886560211657,0.08509307812646512,0.7666399417817593
ModelNet10,train_aug,43,umc,0.0,1755.0760881900787,0.8370927318295739,0.7892621145374450,0.0006224018401106852,0.9999998870648836,0.517617942994101,1.871564649699027,0.949022166561662,0.7709251101321586,0.7422907488986784,0.7301762114537445,0.683920704845815,0.5991189427312775,-0.5248853009892628,0.5442287552868947,0.5555967585198232,-0.5340394014463528,0.7129439524561166
ModelNet10,train_aug,44,umc,0.0,2000.0964238643646,0.8796992481203008,0.8366189427312775,0.007074326403406367,1.0,0.012215225470483123,2.132335562455027,0.6650097276035108,0.8513215859030837,0.8149779735682819,0.8061674008810573,0.7345814977973568,0.6497797356828194,-0.038106658189099106,0.034084347402904315,-0.1030030245136004,0.09105006761819823,0.749569191634655
ModelNet10,train_aug,45,umc,0.0,1798.009449005127,0.8897243107769424,0.8289096916299559,0.006485140453533907,0.9999999968629134,0.029017639670527978,2.0501510574106585,0.6912245844539843,0.8337004405286343,0.8348017621145375,0.763215859030837,0.724669603524229,0.6409691629955947,0.003565294519032136,-0.010210988961080147,-0.14980349634206505,0.13304759880793426,0.7370242326706647
ModelNet10,train_aug,46,umc,0.0,1851.6882195472717,0.8922305764411027,0.8223017621145374,0.006557151450563157,1.0,0.028100744769561283,2.0249290508136415,0.6819585666321871,0.8337004405286343,0.829295154185022,0.7775330396475771,0.7345814977973568,0.6486784140969163,-0.03763533079045374,0.03379071231720445,-0.08729864312335849,0.06784672188769036,0.7432133442163468
ModelNet10,train_aug,47,umc,0.0,1778.8034110069275,0.8872180451127819,0.8195484581497797,0.0067147204423682735,0.9999999989543045,0.07645434342128665,2.4829031981919942,0.6670815892386854,0.8127753303964758,0.8094713656387665,0.7610132158590308,0.7081497797356828,0.6090308370044053,-0.10032989810533763,0.09918831436662004,-0.042396625205583405,0.029943094929330984,0.7381096796691418
ModelNet10,train_aug,41,umc,1000.0,1862.1188614368439,0.8370927318295739,0.7862334801762115,5.0536150554666836e-05,1.0,0.6594418214078535,1.247654492394966,0.9899883280720627,0.7874449339207048,0.7940528634361234,0.7389867841409692,0.6420704845814978,0.5561674008810573,0.7635773049667478,-0.7852885756641627,-0.541366672795266,0.5032276508398354,0.7436206293106079
ModelNet10,train_aug,42,umc,1000.0,1860.27174949646,0.8345864661654135,0.8099118942731277,5.8386296427271556e-05,0.9999999989543045,0.6145220670783729,1.23874050483369,0.9892359177271525,0.8226872246696035,0.8039647577092511,0.737885462555066,0.6729074889867841,0.5781938325991189,0.740579588059336,-0.7633432833477855,-0.5284669082262553,0.4763611311864224,0.760797170959413
ModelNet10,train_aug,43,umc,1000.0,1847.493177652359,0.8521303258145363,0.8055066079295154,5.245062653046804e-05,1.0,0.6332810970774868,1.2545870521612335,0.9893359897429483,0.8083700440528634,0.788546255506608,0.7070484581497798,0.6255506607929515,0.5605726872246696,0.7808839932084084,-0.8005125232040882,-0.44379152012988926,0.3962020404287614,0.7199634539708495
ModelNet10,train_aug,44,umc,1000.0,1864.7408604621887,0.8596491228070176,0.8044052863436123,4.403559081797619e-05,1.0,0.6856102075493127,1.2068789841835958,0.992532890093954,0.8094713656387665,0.7863436123348018,0.736784140969163,0.6718061674008811,0.5649779735682819,0.7702676882967353,-0.7922871185466647,-0.4886142120201839,0.4382556729404314,0.7418841401860118
ModelNet10,train_aug,45,umc,1000.0,1850.5448305606842,0.8446115288220551,0.7972466960352423,4.3084154432954004e-05,0.9999999979086089,0.6836191802694086,1.236712800829034,0.9911428052082396,0.8094713656387665,0.7929515418502202,0.7411894273127754,0.6662995594713657,0.5770925110132159,0.7906250175088644,-0.8108947049826384,-0.47380910883657634,0.4276940739247948,0.7458082435280085
ModelNet10,train_aug,46,umc,1000.0,1874.1084656715393,0.8295739348370927,0.7867841409691630,5.495940291566831e-05,1.0,0.6683572666686878,1.2517691683350949,0.9898279298815811,0.7841409691629956,0.7676211453744494,0.7334801762114538,0.6442731277533039,0.566079295154185,0.7477502110414207,-0.7678571486845612,-0.4860427355277352,0.4458338532509515,0.7570621418580413
ModelNet10,train_aug,47,umc,1000.0,1975.4336228370667,0.8546365914786967,0.8000000000000000,4.2862215706375996e-05,1.0,0.6887174907483553,1.2128957844617074,0.9923431873321533,0.7874449339207048,0.7940528634361234,0.7522026431718062,0.6585903083700441,0.6079295154185022,0.7701255396939815,-0.7919247655197978,-0.5249560586176812,0.48350989618338647,0.7411955565214157
ModelNet10,train_aug,41,umc,100.0,1884.1059675216675,0.8646616541353384,0.8252753303964758,0.0007007549215095901,0.9999999968629134,0.39088096325857596,1.3944830371622454,0.945731496601774,0.8348017621145375,0.8226872246696035,0.7742290748898678,0.6817180616740088,0.5859030837004405,0.24857776033022674,-0.2606628545530839,-0.2873087009807932,0.2468353454402859,0.7250775177031755
ModelNet10,train_aug,42,umc,100.0,1940.535433292389,0.8446115288220551,0.8230726872246696,0.0005259000734025776,0.9999999989543045,0.3564995971688053,1.370664209650274,0.9571967877839741,0.8337004405286343,0.8072687224669604,0.7698237885462555,0.7081497797356828,0.6233480176211453,0.33206487209172336,-0.3480376044026343,-0.31643086446565577,0.2660602247982752,0.7649102617055178
ModelNet10,train_aug,43,umc,100.0,1881.1502106189728,0.8571428571428571,0.7949889867841409,0.0003367571847966725,0.9999999968629134,0.59038893277185,1.281554387326826,0.9737564931836045,0.7819383259911894,0.76431718061674,0.7191629955947136,0.6442731277533039,0.5759911894273128,0.2245380528684109,-0.23517701314704026,-0.23678692327230239,0.20927144968627545,0.7190288569405675
ModelNet10,train_aug,44,umc,100.0,1911.8378176689148,0.8571428571428571,0.8263766519823789,0.0005472817071693083,1.0,0.41301058990913525,1.3458908168893111,0.9568493554466649,0.8348017621145375,0.8039647577092511,0.7687224669603524,0.7059471365638766,0.6354625550660793,0.23361628943457619,-0.24578840561662219,-0.26636689969118377,0.2262802954985091,0.7465769439935684
ModelNet10,train_aug,45,umc,100.0,1926.1658821105957,0.8596491228070176,0.8241740088105727,0.0005792297707286483,0.9999999989543045,0.36724456334323213,1.3828198240514387,0.9533270576543975,0.8061674008810573,0.8006607929515418,0.7654185022026432,0.6905286343612335,0.6211453744493393,0.31768816886033163,-0.3322845613351092,-0.3220254506517449,0.27163406212634983,0.7442793427407741
ModelNet10,train_aug,46,umc,100.0,1918.772485256195,0.8596491228070176,0.809856828193833,0.0005710368780439655,0.9999999979086089,0.37708725662607895,1.3482058696579515,0.9553344762116148,0.7962555066079295,0.7918502202643172,0.7544052863436124,0.683920704845815,0.6057268722466961,0.22062288736997288,-0.23313344164234878,-0.2668770382195362,0.2283302912821455,0.7581039820611477
ModelNet10,train_aug,47,umc,100.0,1870.8261597156525,0.8696741854636592,0.8203193832599119,0.0005207694380180584,1.0,0.4359995262664661,1.3441135130430524,0.9588454700352853,0.8281938325991189,0.8072687224669604,0.7797356828193832,0.6960352422907489,0.6420704845814978,0.25824720103119037,-0.27135416970413645,-0.298631778519848,0.2562551490998885,0.7410901508480311
ModelNet10,train_aug,41,umc,10.0,1850.1373672485352,0.8771929824561403,0.8416629955947137,0.0036214855581260565,0.9999999989543045,0.10525805898533579,1.8212855677855642,0.7907155051566007,0.8414096916299559,0.8491189427312775,0.7929515418502202,0.7213656387665198,0.6343612334801763,0.05211065423275159,-0.05964191010780269,-0.17950800748985785,0.15427909315330907,0.7513428017497062
ModelNet10,train_aug,42,umc,10.0,1839.8371095657349,0.8571428571428571,0.835055066079295,0.0037410704831576398,0.9999999989543045,0.1191837338305879,1.8139094574409618,0.7833941181500753,0.8149779735682819,0.8039647577092511,0.7709251101321586,0.7037444933920705,0.6365638766519823,-0.0014332328031741782,-0.004919340815831674,-0.14571528790256708,0.12120991342744673,0.7568651697784662
ModelNet10,train_aug,43,umc,10.0,1793.706715106964,0.8897243107769424,0.8278964757709251,0.004118149495569237,0.9999999989543045,0.18427734697858492,1.9213673942967464,0.7658495076915675,0.8237885462555066,0.789647577092511,0.7654185022026432,0.7048458149779736,0.6057268722466961,-0.04165548248092819,0.03807457978790581,-0.11742841789709928,0.10206404094515165,0.7248776207864285
ModelNet10,train_aug,44,umc,10.0,1796.4698750972748,0.8546365914786967,0.8119273127753304,0.0013194466030159802,1.0,0.4189969112998561,1.7217702698289303,0.9026360595435426,0.7830396475770925,0.7841409691629956,0.7422907488986784,0.6729074889867841,0.5980176211453745,-0.17670911608474854,0.178292530327235,0.032948643632335003,-0.030049715164568624,0.7304785530269146
ModelNet10,train_aug,45,umc,10.0,2136.8989140987396,0.8822055137844611,0.8251431718061674,0.003290396530932763,0.9999999979086089,0.12373489177410017,1.7799758409198962,0.801885185534494,0.8127753303964758,0.8105726872246696,0.7588105726872246,0.6960352422907489,0.6607929515418502,0.07424018967822121,-0.08339114444270308,-0.19729129554252722,0.17167101222912606,0.7472046172618866
ModelNet10,train_aug,46,umc,10.0,1901.430205821991,0.87468671679198,0.835055066079295,0.0032885020390447032,0.9999999979086089,0.13524546585323519,1.7038157132633946,0.8014979341573882,0.8259911894273128,0.8105726872246696,0.7665198237885462,0.6938325991189427,0.6354625550660793,-0.007975542459098506,0.0004271826033800608,-0.16200406968600872,0.14393096791027346,0.7591775148361921
ModelNet10,train_aug,47,umc,10.0,1921.488511800766,0.87468671679198,0.8334030837004405,0.0034573671628574006,0.9999999958172179,0.19925240348828466,1.8301146344134682,0.7955196426625837,0.8259911894273128,0.7951541850220264,0.7522026431718062,0.6784140969162996,0.6189427312775331,-0.05457993881605035,0.0497339401015779,-0.13671310027675646,0.12064076951355673,0.7313972102850675
ModelNet10,train_aug,41,umc,1.0,1857.1509039402008,0.8847117794486216,0.8397136563876652,0.005317832737458511,1.0,0.028517310244362642,1.936732239890517,0.730700551417836,0.8193832599118943,0.8248898678414097,0.7676211453744494,0.7081497797356828,0.6376651982378855,0.017800542894474348,-0.025521258485150612,-0.15133274033614724,0.12936442134669052,0.7501267234236002
ModelNet10,train_aug,42,umc,1.0,1879.4066760540009,0.8671679197994987,0.8435682819383260,0.006178097619691439,0.9999999989543045,0.011505116499735953,2.0535613528469154,0.6966007278676618,0.8436123348017621,0.8149779735682819,0.7929515418502202,0.723568281938326,0.6662995594713657,-0.01963965728298831,0.01356801483802883,-0.11808424867231224,0.10080870041747403,0.767580948472023
ModelNet10,train_aug,43,umc,1.0,1868.7374439239502,0.8471177944862155,0.8105286343612335,0.0016253413377215334,0.9999999989543045,0.32933270434538525,1.931991736094157,0.882059703793442,0.7654185022026432,0.763215859030837,0.7169603524229075,0.6497797356828194,0.5859030837004405,-0.26063893038835884,0.2682495340792229,0.23561552960172777,-0.21541489894370897,0.7158751328289509
ModelNet10,train_aug,44,umc,1.0,1899.9793348312378,0.8471177944862155,0.813832599118943,0.0009274455645170651,1.0,0.4606922760344388,1.7477097218496758,0.9290812716149447,0.7797356828193832,0.763215859030837,0.7257709251101322,0.6696035242290749,0.6134361233480177,-0.3523590849217726,0.3654923226713436,0.35970402970251597,-0.3532407721833806,0.7167995677143335
ModelNet10,train_aug,45,umc,1.0,1837.318648815155,0.8922305764411027,0.8331057268722467,0.0061300849264258874,0.9999999979086089,0.012673464213449143,2.0025967317715025,0.7006439378387049,0.8270925110132159,0.8226872246696035,0.775330396475771,0.7334801762114538,0.6674008810572687,0.01327861741142442,-0.020227902491478746,-0.13907107978448038,0.11931406223811791,0.7513909877836704
ModelNet10,train_aug,46,umc,1.0,1834.3023371696472,0.87468671679198,0.8386123348017621,0.007560760546639038,0.9999999989543045,0.017789786597795523,2.2950299329925,0.6453738996857091,0.8259911894273128,0.8259911894273128,0.7731277533039648,0.7158590308370044,0.6464757709251101,-0.06209267047997855,0.059569432228090594,-0.07856400114706048,0.06377971338188218,0.7547936955094338
ModelNet10,train_aug,47,umc,1.0,1838.3815007209778,0.8546365914786967,0.813832599118943,0.0006221770119992199,0.9999996350522626,0.5088795475792467,1.8821330907052023,0.9481104120873568,0.7808370044052864,0.775330396475771,0.748898678414097,0.7037444933920705,0.6145374449339207,-0.5409057718235999,0.562256885250099,0.5783841355456388,-0.5644750626641326,0.7324681268632411
ModelNet10,train_aug,41,umc,1e-05,2081.103952407837,0.8897243107769424,0.8153083700440529,0.007697526704552665,1.0,0.033390068311175865,2.276367325531809,0.6444212376025685,0.8226872246696035,0.8204845814977973,0.8050660792951542,0.751101321585903,0.6740088105726872,-0.06447778359197401,0.060883846233082295,-0.10035716131369554,0.08786816771571467,0.7292593652755022
ModelNet10,train_aug,42,umc,1e-05,1840.025740146637,0.8696741854636592,0.8268722466960352,0.007492126398638152,0.9999999989543045,0.0028397424863262706,2.1525476731752096,0.6569496194521586,0.8656387665198237,0.8337004405286343,0.789647577092511,0.75,0.6629955947136564,0.0024114675066812196,-0.00772002041558153,-0.1268309314153157,0.11539635455478674,0.7628805842995644
ModelNet10,train_aug,43,umc,1e-05,1881.0884330272675,0.849624060150376,0.78,0.0006327482809418845,0.9999997406675104,0.5185985988692233,1.9836374583997225,0.9467632435915763,0.7654185022026432,0.7455947136563876,0.7059471365638766,0.6696035242290749,0.6013215859030837,-0.5346036344300955,0.5552636659704149,0.6136929671896724,-0.5850606869760668,0.7090483915805816
ModelNet10,train_aug,44,umc,1e-05,1957.159229516983,0.8671679197994987,0.800440528634361,0.001240794131279057,0.9999999498066149,0.41810965799448785,1.8003321551440055,0.9053889722154852,0.8072687224669604,0.7786343612334802,0.7202643171806168,0.6828193832599119,0.6035242290748899,-0.3102296311386453,0.31655900930200004,0.1282497244561455,-0.11938034703307494,0.7302972999960184
ModelNet10,train_aug,45,umc,1e-05,2055.8860466480255,0.8822055137844611,0.820814977973568,0.006971258155413364,1.0,0.03572217699487131,2.106473295312179,0.6709604169193067,0.8337004405286343,0.8281938325991189,0.76431718061674,0.7015418502202643,0.6321585903083701,-0.03474581262162246,0.029717383446222812,-0.1232166994625004,0.1081189976157475,0.7340612431615591
ModelNet10,train_aug,46,umc,1e-05,1928.1555500030518,0.8696741854636592,0.8246696035242291,0.007735696163747394,0.9999999989543045,0.013220529555837857,2.4860983543228685,0.6411384992432176,0.8436123348017621,0.8348017621145375,0.7731277533039648,0.7268722466960352,0.6442731277533039,-0.09941174743844386,0.0970117271055642,-0.054325205306781754,0.04290609242625578,0.7467140202224255
ModelNet10,train_aug,47,umc,1e-05,1927.7226700782776,0.8771929824561403,0.8318281938325991,0.006725222011211149,0.9999999979086089,0.05148779209539817,2.2778722486997904,0.6730070752010011,0.8458149779735683,0.8259911894273128,0.7665198237885462,0.7301762114537445,0.6409691629955947,-0.06724160519061115,0.06362006522335832,-0.09761464254084444,0.08516513155482244,0.7423895755410195
ModelNet10,train_clean,41,umc,0.0001,1722.2658486366272,0.924812030075188,0.8514581497797357,0.006009905129311639,1.0,0.01093606045151169,1.999280615856773,0.7087217496152509,0.8447136563876652,0.789647577092511,0.6784140969162996,0.5451541850220264,0.46145374449339205,0.03649043945806625,-0.04404051456663183,-0.18278040842633345,0.16479268262573896,0.7520006699115038
ModelNet10,train_clean,42,umc,0.0001,1821.0928480625153,0.9022556390977443,0.8547621145374449,0.007292010314893304,1.0,0.007221290008335731,2.238520992429633,0.6628186744556093,0.8480176211453745,0.7940528634361234,0.6718061674008811,0.5825991189427313,0.5055066079295154,0.024275458462216192,-0.03078738401472947,-0.15641797282642073,0.14494052676018326,0.7681563414633275
ModelNet10,train_clean,43,umc,0.0001,1822.2637972831726,0.9323308270676691,0.8409955947136564,0.00449198033260345,0.9999999989543045,0.07916757402729177,1.8281761888872112,0.7647097926390799,0.8370044052863436,0.7599118942731278,0.6365638766519823,0.5099118942731278,0.42290748898678415,0.07356438289856441,-0.08370917555075721,-0.21864348114468157,0.1984855628153582,0.7269667519629002
ModelNet10,train_clean,44,umc,0.0001,1816.6056463718414,0.9172932330827067,0.8580660792951542,0.00543098448236522,1.0,0.027540219098578712,1.981085315085294,0.7244580419440019,0.8612334801762115,0.8094713656387665,0.6773127753303965,0.5759911894273128,0.4746696035242291,0.05010391452215117,-0.05798656354418199,-0.207917213032124,0.1924205900076231,0.75361049041152
ModelNet10,train_clean,45,umc,0.0001,1631.18896651268,0.9223057644110275,0.8564140969162996,0.0068318628003461316,0.9999999979086089,0.0032794303348252563,2.147364612211261,0.6785417481472618,0.8502202643171806,0.789647577092511,0.6618942731277533,0.5506607929515418,0.4669603524229075,0.018670042762096273,-0.026095448027626846,-0.17124798788136103,0.1570336117358238,0.7446733114123344
ModelNet10,train_clean,46,umc,0.0001,1809.524962902069,0.8972431077694235,0.8437488986784141,0.004701013260177876,1.0,0.05721434721265707,2.0815143731602452,0.7444088051193639,0.8325991189427313,0.7929515418502202,0.6773127753303965,0.5506607929515418,0.473568281938326,-0.10403516118713015,0.09939275719120814,-0.11399620383017464,0.09576319289044477,0.7547328774631024
ModelNet10,train_clean,47,umc,0.0001,1602.9711728096008,0.9172932330827067,0.8569647577092511,0.0052136361411070095,0.9999999989543045,0.07397645364597881,1.961599063455013,0.7339074559379042,0.8414096916299559,0.775330396475771,0.6453744493392071,0.5473568281938326,0.46145374449339205,-0.002319037184224726,-0.004928933260227275,-0.15968593426150618,0.14407431480267405,0.7499314423650503
ModelNet10,train_clean,41,umc,0.001,1601.137135028839,0.9097744360902256,0.8586343612334802,0.004387580336218602,1.0,0.05612081167824375,1.7586861367811237,0.7706499925830907,0.8480176211453745,0.7951541850220264,0.6729074889867841,0.5363436123348018,0.45044052863436124,0.02884512104823216,-0.03790691161011637,-0.20163132704656164,0.1789016488863126,0.7415786204487085
ModelNet10,train_clean,42,umc,0.001,1615.83260512352,0.9047619047619048,0.8432158590308370,0.0060188018332905414,1.0,0.011189685432838272,2.0028216085935893,0.7045432653343469,0.8381057268722467,0.8050660792951542,0.6740088105726872,0.5914096916299559,0.4922907488986784,-0.03294911455741385,0.026029512324748795,-0.15427675749833725,0.136650749661203,0.7671259248256683
ModelNet10,train_clean,43,umc,0.001,1628.2656333446503,0.9373433583959899,0.8487224669603524,0.004556533611959598,0.9999999989543045,0.0753297367843691,1.8294086958232678,0.7654464809518111,0.8436123348017621,0.8116740088105727,0.6376651982378855,0.5231277533039648,0.4262114537444934,0.054697592311094924,-0.06514575412402338,-0.24261426632674557,0.22271762527434474,0.7239310408383608
ModelNet10,train_clean,44,umc,0.001,1566.9417397975922,0.9047619047619048,0.8404625550660793,0.0006658176793471762,0.9999999968629134,0.6095470556041651,1.882568265262403,0.9492007588085375,0.8314977973568282,0.7334801762114538,0.5506607929515418,0.43722466960352424,0.4107929515418502,-0.3788634108845145,0.40019981644582003,0.3907562740248977,-0.33751554022733216,0.7241973230987787
ModelNet10,train_clean,45,umc,0.001,1612.580414056778,0.924812030075188,0.8404625550660793,0.007125017200514935,1.0,0.0017667168982757574,2.0678062522620486,0.6695543025669298,0.8425110132158591,0.8006607929515418,0.6607929515418502,0.5693832599118943,0.4900881057268722,0.005177704349216583,-0.012941716653040202,-0.17324943237945262,0.15981577602906327,0.7443363434076309
ModelNet10,train_clean,46,umc,0.001,1950.7763528823853,0.899749373433584,0.8492731277533040,0.006558161862031149,0.9999999979086089,0.01415217007952538,2.0682630957218637,0.6874017684083236,0.8469162995594713,0.7995594713656388,0.6762114537444934,0.5275330396475771,0.44493392070484583,0.007406420756797161,-0.015785117304039885,-0.19205287145296096,0.1786021679658006,0.7557379983365535
ModelNet10,train_clean,47,umc,0.001,1737.579742193222,0.9323308270676691,0.8476211453744493,0.0037267832647143095,0.9999999989543045,0.11211356379320486,1.774479157046268,0.7920655294468528,0.8524229074889867,0.7830396475770925,0.6453744493392071,0.5462555066079295,0.4713656387665198,0.030765012722986283,-0.04041297536152797,-0.23504478918548558,0.21711591286366455,0.7434080010652542
ModelNet10,train_clean,41,umc,0.01,2380.944732427597,0.9172932330827067,0.8689559471365638,0.005187786590683748,1.0,0.013088051411003969,1.9173041268398887,0.7375279037575972,0.8502202643171806,0.8105726872246696,0.6685022026431718,0.5561674008810573,0.47687224669603523,0.033349002803151964,-0.0423528322173297,-0.17682524804404237,0.1552588099440527,0.7521667949855327
ModelNet10,train_clean,42,umc,0.01,1627.7386078834534,0.9097744360902256,0.8651013215859030,0.0035574158629108417,0.9999999989543045,0.11521089771403033,1.7754957278569539,0.7976959086301034,0.8623348017621145,0.7742290748898678,0.6651982378854625,0.5429515418502202,0.43722466960352424,0.06920963846387167,-0.08004503598403971,-0.24251554690563354,0.2210644848397351,0.7568097456544638
ModelNet10,train_clean,43,umc,0.01,1656.7359852790833,0.9398496240601504,0.8579427312775330,0.004117223509718059,1.0,0.0914066902479502,1.7489745407773738,0.7798619469006857,0.8480176211453745,0.7808370044052864,0.6321585903083701,0.5110132158590308,0.44713656387665196,0.05201028501105611,-0.062469746494934954,-0.24385271665778419,0.22423477554466445,0.7249393079057336
ModelNet10,train_clean,44,umc,0.01,1639.62859249115,0.9147869674185464,0.8606960352422907,0.004071069389107849,0.9999999989543045,0.08458294981136803,1.8379685502303273,0.7814751884393525,0.8601321585903083,0.7918502202643172,0.6640969162995595,0.5572687224669604,0.4526431718061674,0.02355214932376839,-0.03297122766944085,-0.222968586722709,0.19898590848315506,0.7385340220853687
ModelNet10,train_clean,45,umc,0.01,1680.687747001648,0.9197994987468672,0.852436123348018,0.004780049591014783,0.9999999979086089,0.039880273645139186,1.9588004246092678,0.7493707757247122,0.8436123348017621,0.7907488986784141,0.6343612334801763,0.5198237885462555,0.43281938325991187,0.03960700566130981,-0.048602417363144926,-0.22779548086691648,0.21505522711304365,0.7464201966673136
ModelNet10,train_clean,46,umc,0.01,1631.5823557376862,0.899749373433584,0.8590440528634361,0.005959350709689029,1.0,0.01677777506372143,2.041552054254632,0.7049007719023186,0.8403083700440529,0.7984581497797357,0.6718061674008811,0.5627753303964758,0.48237885462555063,0.026984168458147904,-0.03432305139504024,-0.15363089861939444,0.13615968955564312,0.7685541328787804
ModelNet10,train_clean,47,umc,0.01,1643.2711627483368,0.924812030075188,0.8546387665198237,0.0036783039635210706,0.9999999979086089,0.1131821934525904,1.7562557981725324,0.7934823287160773,0.8480176211453745,0.7742290748898678,0.6442731277533039,0.5374449339207048,0.45594713656387664,0.017929889220317817,-0.0286204713571351,-0.2571825573366368,0.23998173989220958,0.7425606522336602
ModelNet10,train_clean,41,umc,0.1,1659.5304901599884,0.9147869674185464,0.8650550660792951,0.004956963976534705,0.9999999989543045,0.03866670293269923,1.864824696591026,0.7455927238129733,0.8579295154185022,0.7918502202643172,0.6596916299559471,0.5165198237885462,0.44383259911894274,0.027082488583255328,-0.035584534477857234,-0.19103668431926052,0.17391922165843426,0.7416320807486773
ModelNet10,train_clean,42,umc,0.1,1347.3949553966522,0.9122807017543859,0.8628524229074890,0.005068614715383502,0.9999999989543045,0.043606532888748405,1.897576139684309,0.7400606044551783,0.8590308370044053,0.802863436123348,0.6729074889867841,0.566079295154185,0.47026431718061673,0.0004581913770380197,-0.008984475682882475,-0.22582146440408907,0.21164989821445487,0.7604969870299101
ModelNet10,train_clean,43,umc,0.1,1653.7746334075928,0.9423558897243107,0.8661563876651982,0.003943927496214185,0.9999999979086089,0.10355557652860227,1.8040338817395662,0.7829025471419618,0.8480176211453745,0.8083700440528634,0.6475770925110133,0.551762114537445,0.46145374449339205,0.04130701513968234,-0.0508142054790369,-0.23215316443966003,0.21270123810509176,0.7259167617186904
ModelNet10,train_clean,44,umc,0.1,1465.7278039455414,0.9072681704260651,0.8606497797356828,0.005768388417843533,1.0,0.021777136006373137,2.042390564031768,0.7124597534798739,0.8502202643171806,0.7775330396475771,0.6674008810572687,0.5638766519823789,0.4856828193832599,0.03521127330386662,-0.04256812519520281,-0.19624400231405162,0.18156953937577783,0.7585806292295456
ModelNet10,train_clean,45,umc,0.1,1374.8493299484253,0.9298245614035088,0.8678083700440528,0.005312600994090501,0.9999999979086089,0.02665958424423527,1.940656678718433,0.7288773478123179,0.8480176211453745,0.7984581497797357,0.6563876651982379,0.5605726872246696,0.4647577092511013,0.03667684408010245,-0.04527280818144845,-0.18051104038895574,0.163244680266871,0.7464811414480209
ModelNet10,train_clean,46,umc,0.1,1381.418140411377,0.8646616541353384,0.8600991189427312,0.000819914696509378,0.9999999508523104,0.5782291836905897,2.023407314953051,0.9351252411541185,0.8513215859030837,0.7312775330396476,0.539647577092511,0.43942731277533037,0.3920704845814978,-0.3807747685816139,0.405905722361058,0.5036879467137624,-0.4750246972485911,0.7292978791147471
ModelNet10,train_clean,47,umc,0.1,1449.82972240448,0.9197994987468672,0.8645044052863436,0.005036051011350202,1.0,0.02811613165958031,1.9059782655615556,0.7427366679174858,0.8359030837004405,0.7852422907488987,0.6497797356828194,0.5429515418502202,0.4647577092511013,0.05252333201369765,-0.06191769249944627,-0.23156541478947473,0.21397601958688028,0.7445911594480276
ModelNet10,train_clean,41,umc,0.0,1685.792510509491,0.9197994987468672,0.8537444933920705,0.0066465799239251696,1.000000002091391,0.0024900323971566826,2.087428251902262,0.6853534966184381,0.8458149779735683,0.7929515418502202,0.6773127753303965,0.5770925110132159,0.4944933920704846,0.033708327475960684,-0.0408159658278862,-0.15738903223827946,0.13776933887111226,0.756001539081335
ModelNet10,train_clean,42,umc,0.0,1804.267460346222,0.9022556390977443,0.8504405286343612,0.005142309715187079,1.0,0.025235523934386214,1.9431803477437872,0.7355878028953284,0.8546255506607929,0.802863436123348,0.6607929515418502,0.5748898678414097,0.46255506607929514,0.05014523297395499,-0.059002053046458516,-0.2211573919145849,0.20133068770956014,0.7612848868966102
ModelNet10,train_clean,43,umc,0.0,1642.0735774040222,0.9298245614035088,0.8598017621145374,0.004445993094378265,0.9999999979086089,0.11214342908606979,1.9463959263082136,0.7600326328946833,0.8557268722466961,0.7973568281938326,0.6464757709251101,0.5341409691629956,0.45594713656387664,0.021605558040664618,-0.02865328531115665,-0.18104640974052016,0.16560823256477306,0.7152355932444334
ModelNet10,train_clean,44,umc,0.0,1668.1940667629242,0.9172932330827067,0.8410792951541850,0.0050744246630194155,1.0,0.04130484227393856,1.979026148193761,0.7372272411982218,0.8303964757709251,0.7940528634361234,0.6651982378854625,0.5572687224669604,0.4658590308370044,0.020094683509705648,-0.027985067841700583,-0.18795189447955635,0.17398826736898626,0.7424285559356213
ModelNet10,train_clean,45,umc,0.0,1694.2584946155548,0.924812030075188,0.8526431718061674,0.003944281421258654,0.9999999989543045,0.06660438101869404,1.8481360799387883,0.7794325539940282,0.8535242290748899,0.7918502202643172,0.6222466960352423,0.5594713656387665,0.44162995594713655,0.0449094274482519,-0.05409451270907084,-0.21664068570426026,0.1980716906604357,0.7497827500849962
ModelNet10,train_clean,46,umc,0.0,1737.7030231952667,0.9047619047619048,0.8454845814977973,0.004465498326329939,1.0,0.049833099652906845,1.8868487090395207,0.761069261191184,0.8535242290748899,0.7995594713656388,0.6530837004405287,0.4977973568281938,0.4262114537444934,0.0461648803215212,-0.05508929388424803,-0.21624328560465073,0.19694265177349735,0.7547044143080711
ModelNet10,train_clean,47,umc,0.0,1666.754583120346,0.9172932330827067,0.8471365638766520,0.0069625391093850655,1.0,0.007443279458031108,2.1397461075531807,0.6719377333657783,0.8601321585903083,0.7984581497797357,0.6894273127753304,0.5870044052863436,0.51431718061674,0.003794292433758528,-0.009234109212775366,-0.13582903438727953,0.11579306099374662,0.7548442965745926
ModelNet10,train_clean,41,umc,1000.0,1680.3847975730896,0.8972431077694235,0.810903083700441,5.305776297367023e-05,0.9999999989543045,0.6357662269943639,1.2248334800987912,0.9908311377491867,0.8182819383259912,0.73568281938326,0.5848017621145375,0.4669603524229075,0.42951541850220265,0.7524335846304894,-0.7737634159624577,-0.5027485335478559,0.4530646898434497,0.7397181567549705
ModelNet10,train_clean,42,umc,1000.0,1645.0934975147247,0.8796992481203008,0.8235682819383260,4.585485938852735e-05,0.9999999989543045,0.6646624594403986,1.1920906890902603,0.992575930921655,0.8237885462555066,0.7455947136563876,0.5770925110132159,0.501101321585903,0.43392070484581496,0.7226586057804525,-0.7467028087005019,-0.600560267327819,0.5511964448727668,0.7719188570976258
ModelNet10,train_clean,43,umc,1000.0,1809.7953593730927,0.9022556390977443,0.8131057268722467,4.410714960581492e-05,0.9999999979086089,0.6392555226359451,1.209338899244342,0.9916836933085793,0.816079295154185,0.7180616740088106,0.5748898678414097,0.4581497797356828,0.43171806167400884,0.7530357409268618,-0.7759727099910378,-0.5646999823627994,0.511488293716684,0.7231776015087962
ModelNet10,train_clean,44,umc,1000.0,1627.8576443195343,0.8897243107769424,0.8142070484581498,5.59493139582245e-05,1.0,0.6579956129977578,1.1865578764363338,0.9921335609335649,0.8094713656387665,0.7026431718061674,0.5870044052863436,0.45484581497797355,0.3854625550660793,0.6706442547962069,-0.6973433717153966,-0.692744747060351,0.6456315403687768,0.7372297036647797
ModelNet10,train_clean,45,umc,1000.0,1638.6359672546387,0.9122807017543859,0.8235682819383260,4.400098023644093e-05,0.9999999979086089,0.6709400739586144,1.199594171423661,0.9923609631103382,0.8403083700440529,0.7411894273127754,0.5859030837004405,0.4944933920704846,0.4251101321585903,0.7419048998504877,-0.7661236556246876,-0.5808974240440875,0.5299831534270197,0.7518627320975065
ModelNet10,train_clean,46,umc,1000.0,1643.269897222519,0.8822055137844611,0.8268722466960352,4.7047682847621396e-05,1.0,0.6900443779794794,1.1889600942009373,0.9931862092854684,0.8248898678414097,0.7411894273127754,0.5715859030837004,0.44052863436123346,0.40198237885462557,0.7184197446331382,-0.7425725379958749,-0.5543160579167307,0.5050423298380338,0.7438935600221157
ModelNet10,train_clean,47,umc,1000.0,1694.238784313202,0.899749373433584,0.8263215859030837,4.796228957977228e-05,0.9999999989543045,0.6565805537658825,1.2135071189779985,0.9914335514369764,0.8281938325991189,0.7522026431718062,0.5594713656387665,0.47026431718061673,0.41740088105726875,0.7373859027400613,-0.7610422605648637,-0.5722238503862173,0.5278773250989616,0.7334204287454485
ModelNet10,train_clean,41,umc,100.0,1793.0286622047424,0.9047619047619048,0.8348017621145375,0.00037272739185330767,1.0,0.41823207286366243,1.2918872854165864,0.9678308827835217,0.8314977973568282,0.7279735682819384,0.5506607929515418,0.4460352422907489,0.3777533039647577,0.3110312979646551,-0.3333536710590124,-0.5306391968159005,0.48512290934013436,0.7423144260048866
ModelNet10,train_clean,42,umc,100.0,1790.081389427185,0.8972431077694235,0.8441629955947137,0.00032543218612932323,0.9999999989543045,0.4255768999195935,1.2883887374610232,0.9705899817901745,0.8480176211453745,0.75,0.5550660792951542,0.47687224669603523,0.4063876651982379,0.3248594908218365,-0.3494998529902659,-0.6152227395636146,0.5764934039741092,0.7593598085269332
ModelNet10,train_clean,43,umc,100.0,1772.7939538955688,0.9172932330827067,0.8303964757709251,0.0005440670611916861,1.0,0.36074432730674744,1.357270311890987,0.9543918653538352,0.8226872246696035,0.6927312775330396,0.4845814977973568,0.3744493392070485,0.29955947136563876,0.25080795075773493,-0.2723565476066142,-0.6018528199172579,0.5683075368695427,0.7235465441271662
ModelNet10,train_clean,44,umc,100.0,1775.6901264190674,0.9072681704260651,0.8359030837004405,0.00044808151193265395,1.0,0.3746264399143687,1.3203262216166447,0.9616000056266785,0.8524229074889867,0.7566079295154186,0.6046255506607929,0.48237885462555063,0.41409691629955947,0.29509514026140093,-0.3149971108243335,-0.47841858804022197,0.43187027660314925,0.7363986956328153
ModelNet10,train_clean,45,umc,100.0,1785.5291380882263,0.9022556390977443,0.8270925110132159,0.0003809162676987941,0.9999999979086089,0.41653471400863246,1.3029252667176097,0.9673452356405425,0.8348017621145375,0.724669603524229,0.5231277533039648,0.45154185022026433,0.3645374449339207,0.28622208651504477,-0.3077413496765075,-0.5777949670820817,0.5442427568021231,0.7479168475419283
ModelNet10,train_clean,46,umc,100.0,1790.4496812820435,0.8872180451127819,0.8430616740088106,0.00022585544949131937,0.9999999989543045,0.4432082594486705,1.235736742354276,0.9790112752663461,0.8392070484581498,0.7742290748898678,0.6244493392070485,0.4933920704845815,0.4251101321585903,0.37381456908769906,-0.3959367672679946,-0.5253916038705938,0.4742658862798635,0.7394613803178072
ModelNet10,train_clean,47,umc,100.0,1751.2865860462189,0.9047619047619048,0.8298458149779736,0.0004370795610603844,1.0,0.41345032918871494,1.3039702428014655,0.9634493171123036,0.8248898678414097,0.7202643171806168,0.538546255506608,0.43722466960352424,0.3766519823788546,0.2800174023563159,-0.30174794600170574,-0.5585575491712007,0.5237992281807238,0.7448809312283993
ModelNet10,train_clean,41,umc,10.0,1621.0310192108154,0.9097744360902256,0.8442511013215859,0.0020621966574700516,1.0,0.18238874472546995,1.6199775725080257,0.8633179727353548,0.8491189427312775,0.7698237885462555,0.6211453744493393,0.4933920704845815,0.3964757709251101,0.1186432894137397,-0.1304679640054019,-0.2955248493380168,0.2708557610298158,0.7431486027687788
ModelNet10,train_clean,42,umc,10.0,1635.9277112483978,0.8822055137844611,0.8365418502202643,0.00036017246965090174,0.9999999979086089,0.7192990905360171,1.583867911706891,0.9745632891069379,0.8127753303964758,0.7389867841409692,0.5594713656387665,0.4669603524229075,0.46145374449339205,-0.3052144550601952,0.31864032851299273,0.26591366419215773,-0.23371457600842405,0.7624219831824303
ModelNet10,train_clean,43,umc,10.0,1622.185363292694,0.9273182957393483,0.8442511013215859,0.0022655739132396617,0.9999999989543045,0.1711611224893938,1.6322296230416549,0.8539116821790996,0.8590308370044053,0.8050660792951542,0.6420704845814978,0.512114537444934,0.4107929515418502,0.10831060044306469,-0.12021916108806181,-0.3015935968622216,0.280085662173434,0.7336622023582459
ModelNet10,train_clean,44,umc,10.0,1647.8501136302948,0.9072681704260651,0.8387444933920705,0.0017592937521138147,0.9999999979086089,0.26881953171993556,1.5513461368125783,0.8814225615116588,0.8215859030837004,0.7455947136563876,0.5958149779735683,0.48237885462555063,0.3975770925110132,0.10848993531199085,-0.12209459654595775,-0.37428253560647134,0.35641507456894034,0.744193527251482
ModelNet10,train_clean,45,umc,10.0,1616.0968298912048,0.9197994987468672,0.8414977973568282,0.0021137191746547295,0.9999999989543045,0.1874144513878906,1.6196692010812592,0.8603633046150208,0.8337004405286343,0.7852422907488987,0.6046255506607929,0.4922907488986784,0.43171806167400884,0.11029343563423026,-0.12280497855463182,-0.2987167809100356,0.27586695132777095,0.7471267774701118
ModelNet10,train_clean,46,umc,10.0,1792.8610208034515,0.8947368421052632,0.8321365638766520,0.0006386828440315041,0.9999999989543045,0.563668580954535,1.754375411753069,0.9538302076490301,0.8083700440528634,0.7709251101321586,0.6024229074889867,0.4900881057268722,0.45594713656387664,-0.31645273574395105,0.32475934649119154,0.2236070687087704,-0.2040737300937508,0.741797780841589
ModelNet10,train_clean,47,umc,10.0,1444.374136686325,0.9197994987468672,0.8365418502202643,0.0025804287645753406,0.9999999989543045,0.16949704256758355,1.6809668833749336,0.8383481439791227,0.8480176211453745,0.7676211453744494,0.6222466960352423,0.4977973568281938,0.43392070484581496,0.09538705820959877,-0.10766448373681214,-0.29027941997010204,0.26697496524293457,0.7396633998304606
ModelNet10,train_clean,41,umc,1.0,1369.098900794983,0.9047619047619048,0.8436453744493392,0.0035193424126574477,1.0,0.0842408566700454,1.6914160753551282,0.8062015405872411,0.8138766519823789,0.763215859030837,0.6178414096916299,0.5176211453744494,0.44162995594713655,0.07940116799395583,-0.09020197666845889,-0.23013734669511904,0.19982481393344642,0.7482475106045604
ModelNet10,train_clean,42,umc,1.0,1385.0668489933014,0.8972431077694235,0.848601321585903,0.002903095523116032,0.9999999989543045,0.11649680072278307,1.6287741514674403,0.8260501780008015,0.8458149779735683,0.7852422907488987,0.6288546255506607,0.5462555066079295,0.45484581497797355,0.04176569616138295,-0.0530145887627441,-0.2771678122537196,0.25605925576419397,0.7611191842705012
ModelNet10,train_clean,43,umc,1.0,1463.874044418335,0.9072681704260651,0.8425440528634361,0.0004377049213201788,1.0,0.6650853669434263,1.5692338483375416,0.9698262549283212,0.8226872246696035,0.7334801762114538,0.6035242290748899,0.46806167400881055,0.4129955947136564,-0.30634259842336176,0.31796296902466564,0.22522846407900943,-0.18603318424702592,0.7238953752070665
ModelNet10,train_clean,44,umc,1.0,1691.9844887256622,0.9147869674185464,0.8601651982378854,0.004947352737776543,1.0,0.0657469118320334,1.8778154870920014,0.7460935722317612,0.8414096916299559,0.7962555066079295,0.6629955947136564,0.5165198237885462,0.44162995594713655,-0.004287702643796365,-0.003638283187069646,-0.20671815324749332,0.19208913587908683,0.7383452507853508
ModelNet10,train_clean,45,umc,1.0,1417.1792159080505,0.9323308270676691,0.8618171806167401,0.005018410744684699,0.9999999979086089,0.04785444438784269,1.9719181520897044,0.7355335961308396,0.8480176211453745,0.802863436123348,0.6409691629955947,0.525330396475771,0.45704845814977973,0.03253792365139816,-0.04208174108280218,-0.2225269071146613,0.2101760241072043,0.7455558586120605
ModelNet10,train_clean,46,umc,1.0,1786.817322731018,0.8947368421052632,0.8546585903083700,0.0046496948088404905,0.9999999989543045,0.02423777160839292,1.8616264117391486,0.7533685983273021,0.8337004405286343,0.8072687224669604,0.6729074889867841,0.5561674008810573,0.47026431718061673,0.020254839867743613,-0.02918678478313268,-0.18350082619217573,0.1599496358737383,0.7581264785677194
ModelNet10,train_clean,47,umc,1.0,1620.4120135307312,0.9323308270676691,0.8667731277533039,0.0055488585719119824,0.9999999979086089,0.03593365909335645,1.998967965443929,0.7172164425515292,0.8700440528634361,0.8039647577092511,0.6530837004405287,0.5352422907488987,0.460352422907489,0.003968631407224166,-0.01112868252384942,-0.17747812269872157,0.16086953105623253,0.7498479280620813
ModelNet10,train_clean,41,umc,1e-05,1650.717115163803,0.9197994987468672,0.8491189427312776,0.006076528690755367,0.9999999989543045,0.0042027142405335356,2.016741733801992,0.7063851753870646,0.8392070484581498,0.8061674008810573,0.6696035242290749,0.5616740088105727,0.4812775330396476,0.0427041428440134,-0.05058859596556431,-0.17076592705998336,0.1498264033205487,0.7538738767802715
ModelNet10,train_clean,42,umc,1e-05,1695.0869653224945,0.9047619047619048,0.8491189427312776,0.0056950146896078396,0.9999999989543045,0.019512832418401734,2.040980077626412,0.7150657835759615,0.8623348017621145,0.7995594713656388,0.6662995594713657,0.5627753303964758,0.4746696035242291,0.04446434448209402,-0.052414534053696116,-0.20677391649619495,0.18929366760021366,0.7624174078553915
ModelNet10,train_clean,43,umc,1e-05,1736.9615483283997,0.924812030075188,0.8408590308370044,0.0049929029835192,0.9999999989543045,0.05960763100914559,1.8645161829496686,0.7458728917858057,0.8491189427312775,0.7940528634361234,0.6420704845814978,0.5308370044052864,0.43061674008810574,0.046495635206429145,-0.05626859141766545,-0.21974372759832478,0.2036521778840779,0.7258408053219318
ModelNet10,train_clean,44,umc,1e-05,1696.3187973499298,0.9122807017543859,0.8436123348017622,0.005210444674287972,0.9999999979086089,0.0369130342965435,1.9518286198900456,0.7325094467715213,0.8303964757709251,0.7819383259911894,0.6530837004405287,0.5440528634361234,0.45704845814977973,0.006187775002399576,-0.01395123488164245,-0.1859429141477449,0.17190333741746144,0.7416569059342146
ModelNet10,train_clean,45,umc,1e-05,1911.3096046447754,0.9323308270676691,0.8403083700440529,0.00536667220417018,1.0,0.024418837152305122,1.9875412468324627,0.7317403303949457,0.8414096916299559,0.7863436123348018,0.6145374449339207,0.5110132158590308,0.44933920704845814,0.03841366631240817,-0.04671554126325646,-0.19739428724606115,0.18052607802865167,0.7533549059927463
ModelNet10,train_clean,46,umc,1e-05,1728.0591192245483,0.8922305764411027,0.8419603524229075,0.00491285146001661,0.999999951898006,0.0798869747014945,2.3609904573674787,0.7271161299002799,0.8381057268722467,0.7973568281938326,0.6519823788546255,0.5473568281938326,0.45374449339207046,-0.17424264566034253,0.17262543070319225,-0.06528534096978547,0.05128087117227551,0.7565265795588494
ModelNet10,train_clean,47,umc,1e-05,1771.9790365695953,0.9197994987468672,0.8480176211453745,0.005054187936414229,0.9999999958172179,0.07920923998646781,1.9273091533727813,0.7414996268456442,0.8447136563876652,0.7819383259911894,0.6552863436123348,0.539647577092511,0.4526431718061674,0.009425003457090497,-0.01637227993196575,-0.1705223066479448,0.1569703168614069,0.7360646928846836
