dataset,train_mode,seed,variant,lambda_ortho,degree_features,time_sec,best_val_acc,test_acc,test_macc,test_ortho_corr,test_w_mean,test_w_min,test_w_max,test_ess_frac,stress_bias_0.0,stress_bias_1.0,stress_bias_2.0,stress_bias_3.0,stress_bias_4.0,corr_w_deg,corr_w_invdeg,corr_w_meandist,corr_w_invmeandist,feature_stability_cos
ModelNet10,train_clean,0,deg_only,0.0,log_deg,1281.7145059108734,0.8571428571428571,0.7940528634361234,0.7778139114379883,0.0005959587043004209,0.9999308805716666,0.5203127474115606,2.2762533551768254,0.9323374221199437,0.8083700440528634,0.6387665198237885,0.4922907488986784,0.38215859030837,0.30837004405286345,-0.7192056121304631,0.7527278140187263,0.5409135449212045,-0.4857624325435609,0.7034616485238075
ModelNet10,train_clean,1,deg_only,0.0,log_deg,1280.1149036884308,0.8872180451127819,0.8039647577092511,0.7903488278388977,0.0005040428097760142,0.9999648018887168,0.5442865098777571,2.0639090558938813,0.9451945988755477,0.8171806167400881,0.6486784140969163,0.4746696035242291,0.3986784140969163,0.3381057268722467,-0.738257548213005,0.7707045452669263,0.5291536478791385,-0.480031241197139,0.6773144288361073
ModelNet10,train_clean,2,deg_only,0.0,log_deg,1795.4099471569061,0.8872180451127819,0.7940528634361234,0.7706977128982544,0.0005357915657090448,0.9998998108663057,0.5383841499947665,2.1244093556153145,0.9408794411441737,0.802863436123348,0.6310572687224669,0.4944933920704846,0.3986784140969163,0.3303964757709251,-0.732938958145678,0.7660691186785697,0.5378536832053215,-0.48674173636827617,0.6644049772620201
ModelNet10,train_clean,3,deg_only,0.0,log_deg,1303.1625249385834,0.8822055137844611,0.801762114537445,0.7895581722259521,0.0006778130870467672,0.9999329531401918,0.48560854740310133,2.3974977438909963,0.9204688396370202,0.8039647577092511,0.6817180616740088,0.43612334801762115,0.3920704845814978,0.3370044052863436,-0.7138323932886124,0.7483198424801231,0.5417151033412665,-0.48563187518157064,0.687757579907775
ModelNet10,train_clean,4,deg_only,0.0,log_deg,1317.3405606746674,0.8721804511278195,0.7830396475770925,0.7707442045211792,6.034966083876625e-05,0.9980506907429612,0.9980352301346628,0.9982374477804753,1.0,0.7940528634361234,0.6497797356828194,0.48237885462555063,0.3799559471365639,0.31497797356828194,-0.4692799889482558,0.509997433423996,0.5512628868222237,-0.4587486225645989,0.6585787790641189
ModelNet10,train_clean,5,deg_only,0.0,log_deg,1227.198457956314,0.8721804511278195,0.7962555066079295,0.7734884023666382,0.0006464581452555171,0.9997405828091136,0.5163095196088155,2.404984210666857,0.9252800544102987,0.7819383259911894,0.6574889867841409,0.4878854625550661,0.3931718061674009,0.31718061674008813,-0.7037010479718446,0.738734794035554,0.5455528932623566,-0.4877700704615563,0.6758029214292764
ModelNet10,train_clean,6,deg_only,0.0,log_deg,1227.3767154216766,0.8671679197994987,0.8006607929515418,0.7883255481719971,0.00048614765635871313,0.9999461079898634,0.5591793457667033,2.039693886773628,0.948262143553349,0.8006607929515418,0.6464757709251101,0.4933920704845815,0.41740088105726875,0.3436123348017621,-0.7380513742566108,0.7701758580282331,0.5383662099018693,-0.48758024284616114,0.687273658812046
ModelNet10,train_clean,7,deg_only,0.0,log_deg,1240.3011660575867,0.8796992481203008,0.7995594713656388,0.789209246635437,0.00040527544134468034,0.9999909955158568,0.5945313395115367,1.878655981599239,0.9595919502408881,0.8083700440528634,0.6585903083700441,0.5,0.40198237885462557,0.3381057268722467,-0.7515502735972405,0.7823933977633715,0.5246899348217994,-0.47601212011650207,0.687504594437778
ModelNet10,train_clean,8,deg_only,0.0,log_deg,1256.7640588283539,0.8621553884711779,0.7676211453744494,0.752604603767395,6.113609312083817e-05,0.9980506300926208,0.9980505715336716,0.9980505715336716,1.0,0.7797356828193832,0.6321585903083701,0.460352422907489,0.3513215859030837,0.3039647577092511,0.0,3.045877985274892e-07,-7.692413084292583e-09,1.90842072839148e-09,0.7133594271540642
ModelNet10,train_clean,9,deg_only,0.0,log_deg,1266.2523410320282,0.8822055137844611,0.7973568281938326,0.7871860265731812,0.0005739339420024567,0.99994887385452,0.5185043095496663,2.1925561741778723,0.9355323649289315,0.8072687224669604,0.6607929515418502,0.4713656387665198,0.3777533039647577,0.31607929515418504,-0.729381737485528,0.7626028824597597,0.5380559774115682,-0.4854706567246467,0.6844435109943151
ModelNet10,train_clean,0,full,0.0,,1256.719473361969,0.8796992481203008,0.8381057268722467,0.8340930938720703,0.005142297317976491,1.0,0.010741135571221779,1.8794969383038973,0.7433221183325115,0.8392070484581498,0.7577092511013216,0.5892070484581498,0.44052863436123346,0.3370044052863436,0.035890289735630174,-0.045117392608608496,-0.20666585996568757,0.18176615678221425,0.7257177877426148
ModelNet10,train_clean,1,full,0.0,,1277.261748790741,0.9122807017543859,0.8656387665198237,0.8575581312179565,0.005563665324364577,1.0,0.018504033780086422,1.9085552776068972,0.7220263972617033,0.8579295154185022,0.7709251101321586,0.6046255506607929,0.4658590308370044,0.3755506607929515,0.0147998448490398,-0.023985251980593602,-0.17558325298014096,0.15178532432173597,0.7156397192180157
ModelNet10,train_clean,2,full,0.0,,1254.7274055480957,0.9197994987468672,0.8414096916299559,0.8292790651321411,0.004401431045200872,0.9999999989543045,0.06714422692005571,2.068155332615501,0.7625522216161092,0.8513215859030837,0.7070484581497798,0.5198237885462555,0.3975770925110132,0.30726872246696035,-0.08618103803082704,0.07766923097159975,-0.18115417474036805,0.15545267093657458,0.6803770854324103
ModelNet10,train_clean,3,full,0.0,,1234.0834589004517,0.924812030075188,0.8458149779735683,0.835790753364563,0.00629831294594496,1.0,0.01588226424396373,2.118545283351028,0.6936213468250475,0.8480176211453745,0.7687224669603524,0.6057268722466961,0.4262114537444934,0.3634361233480176,-0.024126550554046843,0.01799715000515789,-0.13422200243377347,0.11321967538860918,0.7367152075469494
ModelNet10,train_clean,4,full,0.0,,1240.124353170395,0.9398496240601504,0.8458149779735683,0.8370929956436157,0.0055967783412422265,0.9999999989543045,0.015093192879424334,1.937527660737958,0.7187489396647403,0.8579295154185022,0.7852422907488987,0.6310572687224669,0.44823788546255505,0.381057268722467,0.054963686961127675,-0.06392921729220688,-0.1970990934153633,0.18018117124920535,0.7003063935041428
ModelNet10,train_clean,5,full,0.0,,1231.5945646762848,0.8972431077694235,0.8270925110132159,0.814930260181427,0.004962153983988652,1.0,0.03508517033907609,1.8650100754018415,0.7476431131362915,0.8348017621145375,0.7477973568281938,0.579295154185022,0.45484581497797355,0.3303964757709251,0.03348506970960443,-0.04178862873050093,-0.18048414020850032,0.15915504965669242,0.6778721908479929
ModelNet10,train_clean,6,full,0.0,,1226.701187133789,0.8922305764411027,0.8116740088105727,0.801837146282196,0.0014485424566246046,0.9999999477152239,0.49437951100500005,2.5594962584344962,0.8840406223347312,0.8204845814977973,0.6773127753303965,0.5176211453744494,0.4129955947136564,0.3722466960352423,-0.35254970979876815,0.3776626726379618,0.52349642963527,-0.5035662418202265,0.6617069219052791
ModelNet10,train_clean,7,full,0.0,,1338.0592515468597,0.924812030075188,0.8303964757709251,0.8216279149055481,0.004562310962284212,1.0,0.07177873100807662,1.8843713078582496,0.755767099690019,0.8248898678414097,0.736784140969163,0.5892070484581498,0.45484581497797355,0.3590308370044053,0.023828379610858975,-0.03164283769535814,-0.20253423719168495,0.1870983504326432,0.7130312088876962
ModelNet10,train_clean,8,full,0.0,,1235.3549962043762,0.9147869674185464,0.8392070484581498,0.8268138766288757,0.004357265859940334,1.0,0.08978431247860978,1.9165507513180113,0.7638491684930366,0.8447136563876652,0.7279735682819384,0.5936123348017621,0.4262114537444934,0.3491189427312775,0.06633068168557657,-0.07478852938502314,-0.21267250995470022,0.19286610999897674,0.7033786959946156
ModelNet10,train_clean,9,full,0.0,,1274.7309699058533,0.8947368421052632,0.802863436123348,0.7961627840995789,0.0007901800114236641,1.0,0.5713139144997847,1.9702612182550263,0.9376426841083326,0.8083700440528634,0.6475770925110133,0.4713656387665198,0.3854625550660793,0.2907488986784141,-0.3688513947883621,0.388421197864227,0.35554477131008755,-0.3219663761945412,0.6936858858913183
ModelNet10,train_clean,0,full_point_encoder,0.0,,1482.9112131595612,0.9298245614035088,0.8887665198237885,0.8842325210571289,0.00010470976702523777,0.9999999989543045,0.6842432398545114,1.1684374872006869,0.9916890640007822,0.8898678414096917,0.8116740088105727,0.6288546255506607,0.43061674008810574,0.32158590308370044,0.3247512585207005,-0.35317840692623576,-0.8870288691483438,0.8669366064481437,0.9587768039107323
ModelNet10,train_clean,1,full_point_encoder,0.0,,1523.0299088954926,0.9323308270676691,0.8942731277533039,0.8868836164474487,0.00012889896313202356,1.0,0.6395164100747359,1.1808745714656093,0.9894891433548509,0.8931718061674009,0.8259911894273128,0.6552863436123348,0.4922907488986784,0.31938325991189426,0.3173743961026048,-0.3454032206442207,-0.849215725902468,0.8248220643028616,0.9570837520062924
ModelNet10,train_clean,4,full_point_encoder,0.0,,1734.0075144767761,0.9624060150375939,0.8953744493392071,0.8918604850769043,7.229229901751846e-05,0.9999999968629134,0.7784464003746969,1.143268112550702,0.9953985423372503,0.8909691629955947,0.8050660792951542,0.6222466960352423,0.44052863436123346,0.31497797356828194,0.3194405775624546,-0.34321568212762943,-0.7122535037342459,0.708650866150856,0.9432468700408936
ModelNet10,train_clean,5,full_point_encoder,0.0,,1871.112446308136,0.949874686716792,0.8876651982378855,0.8834185600280762,0.00010071309684702244,0.9999999989543045,0.7217064071119877,1.1664570088972126,0.9931578280632956,0.8931718061674009,0.7940528634361234,0.6244493392070485,0.44493392070484583,0.31607929515418504,0.2728805785038276,-0.2942877431982197,-0.6519080357742496,0.6327169362921268,0.954132587313652
ModelNet10,train_clean,6,full_point_encoder,0.0,,1487.7887496948242,0.9448621553884712,0.8832599118942731,0.8769534826278687,0.00029270730789121764,0.9999999309840956,0.7440001378979599,1.6514875491460164,0.9803958577022218,0.8898678414096917,0.7863436123348018,0.6409691629955947,0.44383259911894274,0.3700440528634361,-0.630208233743906,0.6607342241331935,0.7709810240194201,-0.721148235630244,0.8317353242635727
ModelNet10,train_clean,7,full_point_encoder,0.0,,1472.2388396263123,0.9423558897243107,0.8601321585903083,0.8546047210693359,0.00017217425141879765,0.9999999989543045,0.8360862993357474,1.35035572972214,0.9928004783496522,0.8678414096916299,0.7830396475770925,0.6651982378854625,0.5154185022026432,0.3854625550660793,-0.5162778373807668,0.5426829082425684,0.7213365969713778,-0.6910818770993501,0.874467288851738
ModelNet10,train_clean,8,full_point_encoder,0.0,,1412.2451531887054,0.9473684210526315,0.8733480176211453,0.8685349225997925,8.205819814751872e-05,0.9999999989543045,0.7336359222730001,1.1490300266366256,0.9943349162737528,0.8733480176211453,0.8116740088105727,0.6090308370044053,0.44493392070484583,0.31167400881057267,0.32049023436848073,-0.344648107298417,-0.743276147171855,0.7271419077180326,0.9620406433939934
ModelNet10,train_clean,9,full_point_encoder,0.0,,1436.710147857666,0.949874686716792,0.8876651982378855,0.885883629322052,0.00015568004394146172,1.0,0.6039932030334807,1.1910764731858905,0.9871908551768253,0.8799559471365639,0.8116740088105727,0.6123348017621145,0.41409691629955947,0.29295154185022027,0.32287289790983775,-0.3498600100399926,-0.7817351818550378,0.7515960691962391,0.9596499465405941
ModelNet10,train_clean,0,md_only,0.0,,1301.2338449954987,0.8596491228070176,0.8039647577092511,0.7906743884086609,0.00019442031043581665,1.0,0.4774636249793203,1.305843188051592,0.9793681115434881,0.8204845814977973,0.6189427312775331,0.41519823788546256,0.29955947136563876,0.24559471365638766,0.20851188401637727,-0.23760153901384912,-0.9915992183610797,0.9839606117457151,0.7115776772424579
ModelNet10,train_clean,1,md_only,0.0,,1291.6821768283844,0.8847117794486216,0.8193832599118943,0.8076977729797363,0.0003234521662530473,0.9999999979086089,0.3388362095544213,1.363431179732607,0.9669755624051679,0.7973568281938326,0.6057268722466961,0.3766519823788546,0.2566079295154185,0.19162995594713655,0.20745592466701054,-0.2371660237073229,-0.9931408010423184,0.9751095043495297,0.6873298526182771
ModelNet10,train_clean,2,md_only,0.0,,1243.8418338298798,0.8897243107769424,0.8127753303964758,0.800000011920929,0.0003556176220228193,0.9999999445781373,0.6433340488818654,1.369362996335615,0.9738231207195082,0.801762114537445,0.5759911894273128,0.43612334801762115,0.34691629955947134,0.2753303964757709,-0.19211639880832082,0.2181728770417976,0.9173740390688181,-0.9769139431416989,0.6188492325693369
ModelNet10,train_clean,3,md_only,0.0,,1233.1096274852753,0.8972431077694235,0.7929515418502202,0.7752326130867004,0.00032672341777677564,0.9999999989543045,0.6636627044594079,1.4082200150740773,0.9767788826373586,0.7995594713656388,0.6464757709251101,0.4779735682819383,0.3997797356828194,0.32929515418502203,-0.19362404442654224,0.2214835875252902,0.945350575260818,-0.98662048894912,0.6466399689763784
ModelNet10,train_clean,4,md_only,0.0,,1303.8370509147644,0.8847117794486216,0.7808370044052864,0.763069748878479,0.00043033297812431365,0.9999999989543045,0.6120140777345289,1.4519681554091604,0.9669964031169289,0.7929515418502202,0.6013215859030837,0.42070484581497797,0.3248898678414097,0.2577092511013216,-0.1842344398086425,0.21161835352431807,0.9386412898078561,-0.9855601973831654,0.6143425583839417
ModelNet10,train_clean,5,md_only,0.0,,1315.736974954605,0.8897243107769424,0.8094713656387665,0.7944883108139038,0.00033536164680794044,1.0,0.33306099121507843,1.3723848681700856,0.9655951805282057,0.802863436123348,0.5748898678414097,0.394273127753304,0.2654185022026432,0.1817180616740088,0.20415199777730778,-0.23352791331344633,-0.9930824302136898,0.9764064704999328,0.6748360620811582
ModelNet10,train_clean,6,md_only,0.0,,1298.3393318653107,0.899749373433584,0.8061674008810573,0.7929999828338623,0.00025093275479249363,1.0,0.41043483112987716,1.3386572787636204,0.9736015765290511,0.8215859030837004,0.6178414096916299,0.4008810572687225,0.2852422907488987,0.1949339207048458,0.203808980477379,-0.23280707217636518,-0.9928934022784233,0.9806612888351083,0.6742554233968258
ModelNet10,train_clean,7,md_only,0.0,,1266.278408050537,0.8771929824561403,0.8039647577092511,0.791325569152832,0.00033683128200017994,0.999999907978794,0.6477398161302533,1.3068902701662297,0.9752085198435867,0.8116740088105727,0.6145374449339207,0.4658590308370044,0.3876651982378855,0.29845814977973567,-0.1905854094431561,0.21564326836014516,0.8988954531028867,-0.9690853042528034,0.6321024967730046
ModelNet10,train_clean,8,md_only,0.0,,1282.2418575286865,0.8796992481203008,0.7984581497797357,0.7780464887619019,0.0003938390920602455,0.9999999424867463,0.6312772359764367,1.4665439400756568,0.9707404040453727,0.8006607929515418,0.6013215859030837,0.43171806167400884,0.3579295154185022,0.27312775330396477,-0.19165382912688073,0.2195045395730631,0.9543433867394924,-0.9899572802707552,0.6447380485385656
ModelNet10,train_clean,9,md_only,0.0,,1285.8910562992096,0.87468671679198,0.7995594713656388,0.7812093496322632,0.00024096012458086765,0.9999999989543045,0.40282851764768884,1.326296095262494,0.9747825672751979,0.7973568281938326,0.6365638766519823,0.4251101321585903,0.31057268722466963,0.22466960352422907,0.20896707370047807,-0.2379810717480723,-0.9934486428275704,0.9787228293716908,0.6776456666737795
ModelNet10,train_clean,0,no_coords,0.0,,1253.2607157230377,0.849624060150376,0.8061674008810573,0.7918604612350464,0.0002109002881824333,0.9999999979086089,0.5306065913877989,1.3242574135462444,0.97915203006644,0.8215859030837004,0.6266519823788547,0.3920704845814978,0.2665198237885463,0.1905286343612335,0.030859637833054877,-0.05840394024762645,-0.9651485856622457,0.9659663205966353,0.7107656164839864
ModelNet10,train_clean,1,no_coords,0.0,,1267.8930509090424,0.899749373433584,0.8050660792951542,0.7928837537765503,0.0002333939459946889,0.9999999989543045,0.4653679493226503,1.3386680933467128,0.9756709326777542,0.8149779735682819,0.5925110132158591,0.34030837004405284,0.24779735682819384,0.1762114537444934,0.13501440953541533,-0.16469693156063842,-0.9864914810284973,0.9831972032785415,0.6769242859631777
ModelNet10,train_clean,2,no_coords,0.0,,1256.4053876399994,0.8922305764411027,0.802863436123348,0.7931860089302063,0.0005736718267782411,0.9999994311416358,0.614715738254681,1.989437498544392,0.9507762120481122,0.7995594713656388,0.5814977973568282,0.3986784140969163,0.31607929515418504,0.2599118942731278,-0.5746492689475418,0.6064303185790777,0.8367262929677963,-0.807415041513741,0.6273893980681896
ModelNet10,train_clean,3,no_coords,0.0,,1259.502098083496,0.8771929824561403,0.7874449339207048,0.7728139162063599,0.0005326692072119107,0.9999822848721555,0.6169394421995732,1.86908477440215,0.954044873254341,0.7841409691629956,0.6266519823788547,0.4129955947136564,0.36123348017621143,0.29405286343612336,-0.586873020301573,0.619200702290982,0.8106726614758373,-0.7977997764945031,0.6359802565723658
ModelNet10,train_clean,4,no_coords,0.0,,1241.4313962459564,0.899749373433584,0.8050660792951542,0.7918604612350464,0.0005112568747758735,0.9999990484170747,0.6565390135112562,1.8803372048495108,0.959023348072119,0.8094713656387665,0.6244493392070485,0.44273127753303965,0.3755506607929515,0.34140969162995594,-0.5255497481790371,0.557920305733569,0.8884470280259847,-0.854665194824338,0.6261032766103745
ModelNet10,train_clean,5,no_coords,0.0,,1250.4039351940155,0.8646616541353384,0.7940528634361234,0.7763720750808716,0.0008698964324011875,0.9999527910299468,0.5037496916034765,2.2331496979060925,0.9155375497382984,0.7929515418502202,0.5936123348017621,0.3777533039647577,0.32158590308370044,0.2488986784140969,-0.5828730714973063,0.6158468848560006,0.784543437231332,-0.776138328295201,0.6102366913110018
ModelNet10,train_clean,6,no_coords,0.0,,1327.0290076732635,0.8796992481203008,0.7830396475770925,0.7597209215164185,0.0006348884676219569,0.9999983885832,0.5886974899392379,1.9907397533717908,0.9442896131883588,0.7874449339207048,0.6101321585903083,0.4008810572687225,0.31718061674008813,0.2643171806167401,-0.5551438260823488,0.5873241316527128,0.8358883087523281,-0.8184866867028177,0.6304918864369392
ModelNet10,train_clean,7,no_coords,0.0,,1278.438639640808,0.8847117794486216,0.8182819383259912,0.8083255887031555,0.0002319990953924788,0.9999999989543045,0.5383487563384207,1.35936158790923,0.9777280991537529,0.816079295154185,0.5958149779735683,0.40308370044052866,0.2687224669603524,0.21475770925110133,-0.10388835864441717,0.07932930613051212,-0.9126397855579853,0.9251555733382701,0.6776543100178242
ModelNet10,train_clean,8,no_coords,0.0,,1267.8285319805145,0.8897243107769424,0.7995594713656388,0.7922325134277344,0.00023507118225608249,0.9999999989543045,0.4683757939359598,1.331986625989278,0.9760708903011522,0.8138766519823789,0.6068281938325991,0.3997797356828194,0.2610132158590308,0.22577092511013216,0.12077042011005687,-0.14920711808626946,-0.9844408981502056,0.9796959891915321,0.7099938268959523
ModelNet10,train_clean,9,no_coords,0.0,,1302.0941319465637,0.9147869674185464,0.8182819383259912,0.8044883608818054,0.00027224986804771776,0.9999999989543045,0.5094623719913918,1.4181490362736218,0.9738825245907432,0.8215859030837004,0.6288546255506607,0.3865638766519824,0.2775330396475771,0.21585903083700442,-0.1651174532940786,0.1430258214009882,-0.874025640077889,0.893230552598834,0.6799658492580056
ModelNet40,train_clean,0,deg_only,0.0,log_deg,3133.756017923355,0.7520325203252033,0.7155591572123177,0.6543778777122498,6.037530202452364e-05,1.0000001192092896,1.0000001199783817,1.0000001199783817,1.0000001192092896,0.7224473257698542,0.5453808752025932,0.3480551053484603,0.25648298217179905,0.1920583468395462,0.0,-3.269112504991623e-07,2.895481319119264e-09,-3.792182904846508e-09,0.7067119456827641
ModelNet40,train_clean,1,deg_only,0.0,log_deg,3602.2252366542816,0.75,0.7123176661264181,0.6367558240890503,0.00011243807164118475,0.9999996485248689,0.9485354454286636,1.550689825704021,0.9941740109074501,0.7106969205834684,0.5490275526742301,0.37925445705024313,0.2508103727714749,0.18192868719611022,-0.061121594299129355,0.11188627971653205,0.4182252950849943,-0.32173917099134997,0.6868314612656832
ModelNet40,train_clean,2,deg_only,0.0,log_deg,3216.0913581848145,0.7632113821138211,0.7090761750405187,0.6251569986343384,0.00012328110242378897,0.9999999450099084,0.942169843181487,1.6194239908649075,0.9929025726933633,0.7106969205834684,0.5822528363047001,0.3804700162074554,0.2568881685575365,0.19489465153970825,-0.07541964836077568,0.12385415246826596,0.42171055646904276,-0.32387557089095936,0.7079579889029265
ModelNet40,train_clean,3,deg_only,0.0,log_deg,3154.5660996437073,0.7540650406504065,0.7155591572123177,0.6490000486373901,6.375450032083468e-05,0.9999999973081773,0.9898416788347306,1.0127723878429782,0.9999843105193107,0.7301458670988655,0.5733387358184765,0.39546191247974066,0.27836304700162073,0.2106969205834684,-0.8305458938702941,0.8519409691914916,0.48830292308703066,-0.4552307087928057,0.71486162930727
ModelNet40,train_clean,4,deg_only,0.0,log_deg,3110.9707577228546,0.7652439024390244,0.7260940032414911,0.6613256335258484,7.737554161952088e-05,1.0,0.9518250107765198,1.0630155663336478,0.9996311645353994,0.7228525121555915,0.5640194489465153,0.3918152350081037,0.26418152350081037,0.206645056726094,-0.8259717771783471,0.8482157768681645,0.49270745236426594,-0.4566431718878448,0.6996757279336453
ModelNet40,train_clean,5,deg_only,0.0,log_deg,3161.915377140045,0.7693089430894309,0.7212317666126418,0.6538720726966858,7.280431145186266e-05,0.9999999776963264,0.9612152391864407,1.3341395055094072,0.9980534399709394,0.7236628849270664,0.6008914100486223,0.3853322528363047,0.2694489465153971,0.18881685575364668,0.09635054246864456,-0.05862652538835391,0.3314498853414989,-0.23079206729898943,0.7094303820282221
ModelNet40,train_clean,6,deg_only,0.0,log_deg,3287.4745950698853,0.7357723577235772,0.7155591572123177,0.636215090751648,7.294601387149024e-05,0.9999999773117804,0.9623083810652456,1.0491793724798386,0.9997773255071333,0.7062398703403565,0.570097244732577,0.38371150729335496,0.27188006482982174,0.20218800648298219,-0.8286111876368523,0.8503147372975945,0.4859890461433679,-0.45176631975919007,0.7236832789331674
ModelNet40,train_clean,7,deg_only,0.0,log_deg,3243.756052017212,0.7449186991869918,0.7106969205834684,0.6384418606758118,6.093433633307746e-05,0.9999999984618156,0.9985161066055298,1.001846578044276,0.9999996542930603,0.7074554294975689,0.5705024311183144,0.3711507293354943,0.28119935170178284,0.22082658022690438,-0.8319144885987043,0.8534604843705893,0.48644879506900907,-0.4529860966373235,0.7159777608513832
ModelNet40,train_clean,8,deg_only,0.0,log_deg,3577.240865945816,0.7672764227642277,0.7337925445705025,0.6629942059516907,6.806393590053513e-05,0.9999996535239681,0.9696687886791845,1.2301456620616298,0.9988378359425453,0.7264991896272285,0.5927876823338736,0.3788492706645057,0.27188006482982174,0.21920583468395463,0.1151888266336755,-0.06861485886583978,0.3379172518165433,-0.24272508160320286,0.7036622045189143
ModelNet40,train_clean,9,deg_only,0.0,log_deg,3156.070699930191,0.7306910569105691,0.715964343598055,0.6405057907104492,7.334181958163578e-05,0.999999996154539,0.9621266788051974,1.0490887595761207,0.999775638503413,0.7200162074554295,0.5668557536466775,0.3897893030794165,0.2755267423014587,0.22082658022690438,-0.8273581037297845,0.8498979641124607,0.4917034231126308,-0.4555239230860025,0.719904612377286
ModelNet40,train_clean,0,full,0.0,,3515.9278197288513,0.7855691056910569,0.7597244732576985,0.6882151365280151,0.0006622023824621143,0.9999999988463617,0.3554277451528657,1.2657351855308778,0.9513541429273544,0.7589141004862237,0.6073743922204214,0.3942463533225284,0.2799837925445705,0.21677471636953,0.0711076738999509,-0.08747549695071939,-0.1633527154046533,0.13613413796920212,0.7207499288022519
ModelNet40,train_clean,1,full,0.0,,3200.043596506119,0.7865853658536586,0.7459481361426256,0.6914767026901245,0.0007719842166895227,0.9999999988463617,0.32210872048331846,1.282312637759793,0.9437589057030217,0.7475688816855753,0.6045380875202593,0.4181523500810373,0.2779578606158833,0.21393841166936792,0.08937612019362859,-0.10319726832130982,-0.10284250526601682,0.06329681772140247,0.7036891862750053
ModelNet40,train_clean,2,full,0.0,,3229.1590378284454,0.7876016260162602,0.7463533225283631,0.6754593253135681,0.000336915708143234,0.9999999992309078,0.6160348463443017,1.254166566941046,0.9743092948390591,0.7346029173419774,0.5826580226904376,0.39222042139384117,0.2824149108589951,0.21231766612641814,-0.08648490344576203,0.07517088906352001,-0.31236349157807125,0.2746830102194508,0.7206103133410215
ModelNet40,train_clean,3,full,0.0,,3138.500100374222,0.7804878048780488,0.7581037277147488,0.6915174722671509,0.0014112085254201967,0.9999999996154539,0.21896171055794242,1.4423956501868462,0.9037799169940334,0.7544570502431118,0.6195299837925445,0.4128849270664506,0.2884927066450567,0.21353322528363047,0.14148679889876803,-0.15642191503502545,-0.13767366341380693,0.10070921548704063,0.7224229027330875
ModelNet40,train_clean,4,full,0.0,,3285.8807921409607,0.7936991869918699,0.7386547811993517,0.6800581216812134,0.0006053086258039149,0.9999999992309078,0.3668805599693329,1.2357099525390132,0.9553132795518444,0.7382495948136143,0.5927876823338736,0.4035656401944895,0.2893030794165316,0.21393841166936792,0.08425460456492147,-0.0991529022634495,-0.1487482933433057,0.1138261296897781,0.7018783564865589
ModelNet40,train_clean,5,full,0.0,,3225.2802431583405,0.7977642276422764,0.7512155591572123,0.6767964959144592,0.0007217243575723842,0.9999999980772695,0.33494662885223664,1.2722787434054958,0.9476068623604313,0.756482982171799,0.6029173419773096,0.3893841166936791,0.2755267423014587,0.1920583468395462,0.04860377656532364,-0.06642944809791515,-0.19388296819961398,0.15156355510152936,0.7260197836905717
ModelNet40,train_clean,6,full,0.0,,3151.5821239948273,0.7774390243902439,0.7264991896272285,0.6548488140106201,0.00029651272756558273,0.9999999984618156,0.572660776299815,1.197363212800795,0.9775165100251475,0.7370340356564019,0.5798217179902755,0.386547811993517,0.2917341977309562,0.2098865478119935,0.13077957014320418,-0.13644378006429178,-0.25958257435268023,0.21490711455699057,0.7218222182244063
ModelNet40,train_clean,7,full,0.0,,3273.6347913742065,0.801829268292683,0.7560777957860616,0.6813372373580933,0.000640226072104152,0.9999999996154539,0.3622680493900853,1.2556692492577337,0.9538904393872907,0.75,0.5996758508914101,0.39019448946515395,0.28444084278768234,0.21515397082658022,-0.018530994839966296,0.0029566451114078516,-0.1592941593286014,0.12504621390253307,0.7381947445124388
ModelNet40,train_clean,8,full,0.0,,3470.3085064888,0.7886178861788617,0.7350081037277147,0.6850639581680298,0.0004881815582085701,1.0,0.41684553978904604,1.2394219729208178,0.9634689588700571,0.729740680713128,0.576580226904376,0.376418152350081,0.2568881685575365,0.20623987034035657,0.0633129771640597,-0.07999912092827799,-0.22081785963955552,0.1902208595353841,0.7122586332261562
ModelNet40,train_clean,9,full,0.0,,3113.6554572582245,0.7652439024390244,0.7346029173419774,0.669953465461731,0.0006400024180860078,0.9999999992309078,0.4371153505098435,1.258745119648595,0.9524474997674265,0.7439222042139384,0.6211507293354943,0.42423014586709884,0.309967585089141,0.2346029173419773,0.06841635561631847,-0.0747509894526047,-0.07747736197320591,0.041867669370640216,0.7002096996456385
ModelNet40,train_clean,0,full_point_encoder,0.0,,4406.882307767868,0.850609756097561,0.8205024311183144,0.7611104249954224,0.0006789086604370706,0.9996959032550935,0.5277278007999543,2.4232734987812656,0.926518907854634,0.8282009724473258,0.692868719611021,0.4574554294975689,0.2893030794165316,0.2034035656401945,-0.6926628807559609,0.7305207446217536,0.5697979048825801,-0.5117330775596202,0.828604384958744
ModelNet40,train_clean,1,full_point_encoder,0.0,,4431.186002969742,0.842479674796748,0.8123987034035657,0.7569884061813354,0.0005613435271962156,0.9999869769619357,0.5311801910400391,2.1675293430205316,0.9388398258916794,0.8249594813614263,0.696515397082658,0.46717990275526744,0.29578606158833065,0.19975688816855752,-0.7369415460154414,0.7719458051025867,0.5249102128203958,-0.4718759106006473,0.8727305287122726
ModelNet40,train_clean,2,full_point_encoder,0.0,,4440.538968801498,0.8495934959349594,0.8277957860615883,0.7555233240127563,6.291606757346721e-05,1.0,0.7817077602109601,1.1481610028974472,0.9954804005161408,0.8209076175040518,0.7070502431118314,0.43841166936790926,0.2747163695299838,0.18273905996758508,0.343179775797762,-0.3718253886792809,-0.9159774551168084,0.9129748612642288,0.9788732451200485
ModelNet40,train_clean,3,full_point_encoder,0.0,,4372.168987989426,0.8526422764227642,0.8196920583468396,0.7577034831047058,7.640482054416827e-05,0.9999999996154539,0.7651947498321533,1.1598684872350384,0.994498037907385,0.8176661264181524,0.6904376012965965,0.4700162074554295,0.2848460291734198,0.19651539708265803,0.32143820598284945,-0.3437855361029506,-0.7792614054866135,0.7786618861369788,0.9785967946052552
ModelNet40,train_clean,4,full_point_encoder,0.0,,4501.788948297501,0.8678861788617886,0.8318476499189628,0.768488347530365,0.00046609682049752484,0.9999975492877345,0.5373522504683463,1.9916117891188592,0.9485868896207502,0.8350891410048622,0.6985413290113452,0.47042139384116693,0.3014586709886548,0.21353322528363047,-0.7624622888863086,0.7959752466529608,0.42688870737329127,-0.37857424016110597,0.9059084978699684
ModelNet40,train_clean,5,full_point_encoder,0.0,,4460.874599933624,0.8770325203252033,0.8358995137763371,0.7787848711013794,0.0006075732704747709,0.999966379903978,0.5164749133971429,2.2389262714693623,0.9344485940471772,0.8322528363047001,0.7192058346839546,0.46555915721231766,0.29294975688816854,0.19692058346839547,-0.7268723715096712,0.7615426830947399,0.5297555884346365,-0.4764613746665418,0.882660077214241
ModelNet40,train_clean,6,full_point_encoder,0.0,,4458.951790094376,0.8414634146341463,0.8298217179902755,0.755860447883606,6.388339612796346e-05,0.9999999992309078,0.8361628651618958,1.1207703421192785,0.9970639571066826,0.8334683954619124,0.6944894651539708,0.4367909238249595,0.2860615883306321,0.1952998379254457,0.21318797902786174,-0.23763344912877074,-0.8092070296406746,0.8111423116177321,0.9855430427193642
ModelNet40,train_clean,7,full_point_encoder,0.0,,4479.890460729599,0.8607723577235772,0.8144246353322528,0.7642267942428589,7.916920559739904e-05,0.9999999988463617,0.7442720763144954,1.1646166632252355,0.9939337734253176,0.8119935170178282,0.6766612641815235,0.4376012965964344,0.2791734197730956,0.18962722852512157,0.30392413287772796,-0.3307696647825651,-0.8620371907949448,0.8551091161556542,0.9752139836549759
ModelNet40,train_clean,8,full_point_encoder,0.0,,3737.2914974689484,0.8638211382113821,0.8205024311183144,0.7687674760818481,7.773072379237536e-05,0.9999999988463617,0.7626979624071429,1.1592931955091414,0.9945260070985363,0.8245542949756888,0.6916531604538088,0.46677471636953,0.309967585089141,0.21029173419773095,0.2954321825221996,-0.31876732229138727,-0.7916625045239926,0.7867878708988428,0.9743164187669754
ModelNet40,train_clean,9,full_point_encoder,0.0,,3868.405822992325,0.8394308943089431,0.8188816855753647,0.7618256211280823,0.0004736077673207488,0.9999987390733535,0.5913459620168132,1.9571240663528442,0.9550185080497495,0.8152350081037277,0.7098865478119936,0.48581847649918963,0.31280388978930307,0.21920583468395463,-0.713523156568408,0.7479510128498077,0.6107461903244257,-0.5608455882407725,0.9127661997079849
ModelNet40,train_clean,0,md_only,0.0,,3136.096693277359,0.7632113821138211,0.7200162074554295,0.6529709100723267,0.00017150281285378902,0.9999999992309078,0.8049001270724881,1.27948225544345,0.9921374563247927,0.7192058346839546,0.5,0.3213128038897893,0.23824959481361427,0.1973257698541329,-0.2379792565749085,0.2663547281001229,0.9707115147262811,-0.9846373384818434,0.6535153399407864
ModelNet40,train_clean,1,md_only,0.0,,3218.9884865283966,0.7703252032520326,0.7236628849270664,0.653697669506073,6.778870432049922e-05,0.9999999996154539,0.7919657780278113,1.1813779577132195,0.9949428143039827,0.7228525121555915,0.5494327390599676,0.3752025931928687,0.2576985413290113,0.1859805510534846,0.242610933764081,-0.2711331773549318,-0.9815288268029689,0.9752394801005722,0.6921937683969737
ModelNet40,train_clean,2,md_only,0.0,,3330.0344347953796,0.766260162601626,0.7358184764991896,0.6498256325721741,0.00014450839099158804,0.9999999988463617,0.8370818803387303,1.244663376961985,0.9945209637764961,0.7256888168557536,0.5251215559157212,0.3500810372771475,0.26094003241491087,0.21150729335494328,-0.24269177073583706,0.27085199794673825,0.9771090757101775,-0.9873411878943443,0.6696497584879398
ModelNet40,train_clean,3,md_only,0.0,,3428.718322992325,0.7693089430894309,0.729740680713128,0.6407383680343628,0.00019191322287717352,0.9999999988463617,0.7956833804807355,1.3507563214148244,0.9904968177118609,0.7277147487844409,0.5076985413290114,0.31888168557536467,0.2293354943273906,0.17382495948136142,-0.24056502493913284,0.2696452544594649,0.9832243248820305,-0.9837784422561526,0.6452779386937618
ModelNet40,train_clean,4,md_only,0.0,,3320.0758788585663,0.7764227642276422,0.7317666126418152,0.654575526714325,0.00014187457380748745,0.9999999996154539,0.8420046437171198,1.2525241836424796,0.994759157780678,0.7220421393841167,0.5145867098865479,0.33225283630470015,0.2366288492706645,0.1952998379254457,-0.23989234967375522,0.2679599483992206,0.9780525911599398,-0.9844593489542603,0.6524959092587233
ModelNet40,train_clean,5,md_only,0.0,,3109.808397769928,0.7723577235772358,0.7277147487844409,0.6512500047683716,8.552349890739988e-05,0.9999999996154539,0.7012682732074491,1.1963205937416324,0.9920978738415626,0.7179902755267423,0.5291734197730956,0.33063209076175043,0.23095623987034036,0.1600486223662885,0.24124305567820556,-0.26976317380140247,-0.9912970082834363,0.9876072941347956,0.6882980307191611
ModelNet40,train_clean,6,md_only,0.0,,3156.4192543029785,0.7428861788617886,0.7188006482982172,0.6337150931358337,0.0001631972808559846,0.9999999992309078,0.8140176853825969,1.2684645868116808,0.9929100340412509,0.7175850891410048,0.5056726094003241,0.32617504051863855,0.23987034035656402,0.18273905996758508,-0.2439525596491876,0.2714559312298661,0.9795652348548174,-0.9879666456952692,0.658891974762082
ModelNet40,train_clean,7,md_only,0.0,,3206.3601520061493,0.7591463414634146,0.7346029173419774,0.6457674503326416,0.0001391797641953153,0.9999999992309078,0.8505020995293894,1.2573360943025158,0.9950735142154078,0.7382495948136143,0.5429497568881686,0.3464343598055105,0.24635332252836303,0.1940842787682334,-0.23638678371862626,0.26463185740285555,0.9809755343943835,-0.9813064385205508,0.6860979422181844
ModelNet40,train_clean,8,md_only,0.0,,3196.9637196063995,0.7693089430894309,0.7358184764991896,0.6603139638900757,0.00012642882089318347,0.9999999973081773,0.8604198767292884,1.2185752138014763,0.9959833148987063,0.743517017828201,0.5514586709886548,0.3606158833063209,0.2576985413290113,0.21029173419773095,-0.238271250690741,0.26561776411544996,0.9771198676899076,-0.9871838714927434,0.6738674652576446
ModelNet40,train_clean,9,md_only,0.0,,3290.0730028152466,0.7469512195121951,0.7192058346839546,0.6419593095779419,0.00014460946371283142,0.9999999996154539,0.8341539190661522,1.242480431833575,0.9944219573851555,0.7252836304700162,0.5372771474878444,0.3460291734197731,0.24959481361426256,0.19367909238249595,-0.23885097362217494,0.2666573994210921,0.9720475226640701,-0.9860391441732645,0.6414352586865425
ModelNet40,train_clean,0,no_coords,0.0,,3129.8573372364044,0.7621951219512195,0.7285251215559158,0.6604011654853821,0.00017110194786519353,0.9999999992309078,0.8235077838743886,1.295917078756517,0.9928092664287936,0.7337925445705025,0.506482982171799,0.30753646677471635,0.22690437601296595,0.1847649918962723,-0.3566128106089309,0.3868396439123899,0.9790871296077966,-0.9706659050658345,0.6547991793602705
ModelNet40,train_clean,1,no_coords,0.0,,3118.5157594680786,0.758130081300813,0.7313614262560778,0.661034882068634,0.0001791316356825372,0.9999999511626458,0.8173297286033631,1.340860503719699,0.9921287498166484,0.726904376012966,0.5085089141004863,0.33508914100486226,0.2293354943273906,0.17949756888168558,-0.39209062105510384,0.42357089635916056,0.9625893352553249,-0.9490958154201508,0.637659927457571
ModelNet40,train_clean,2,no_coords,0.0,,3238.1715557575226,0.7713414634146342,0.7175850891410048,0.6434476971626282,0.00016674019500515573,0.9999999930781703,0.8271912401722323,1.2796486916080598,0.9932415116217829,0.7236628849270664,0.5145867098865479,0.3277957860615883,0.24149108589951376,0.1867909238249595,-0.4204072719090618,0.4502182817552239,0.9545424470677972,-0.9480556719005108,0.6728912176936865
ModelNet40,train_clean,3,no_coords,0.0,,3392.0488510131836,0.7693089430894309,0.7119124797406807,0.6311162710189819,0.00018336564117494309,0.9999999446253622,0.8245815634727478,1.336783173776442,0.9921165720109016,0.7034035656401945,0.5121555915721232,0.3180713128038898,0.23703403565640194,0.18881685575364668,-0.5093115262687207,0.5404711654409766,0.928227162733674,-0.9094772737473249,0.6631120686978101
ModelNet40,train_clean,4,no_coords,0.0,,3328.998859643936,0.7682926829268293,0.7341977309562399,0.6565232276916504,0.00013669226454728612,0.9999999523162841,0.8690874099731445,1.236195521969949,0.9958490440922398,0.7354132901134521,0.5311993517017828,0.33630470016207453,0.2544570502431118,0.2005672609400324,-0.4608628643676639,0.49165377840399743,0.9509747127071023,-0.9363316714763641,0.6697540751844645
ModelNet40,train_clean,5,no_coords,0.0,,3404.7466831207275,0.7784552845528455,0.7491896272285251,0.6734011173248291,0.00014782510099335452,0.9999999996154539,0.7109233752373726,1.302148385201731,0.9875023230429618,0.7321717990275527,0.5097244732576985,0.3156401944894652,0.23055105348460292,0.15437601296596434,-0.3176911347109126,0.3033581566523935,-0.7443733518943191,0.771420746203512,0.677798084616661
ModelNet40,train_clean,6,no_coords,0.0,,3721.3126838207245,0.7428861788617886,0.7106969205834684,0.6474825143814087,0.00018684105002208642,0.9999999953854468,0.8197577680310896,1.3445273637771606,0.991734714277329,0.7058346839546191,0.5145867098865479,0.32374392220421394,0.23987034035656402,0.18841166936790923,-0.4367178790271282,0.4660343611612916,0.9593561556190252,-0.9407344315201044,0.6810920553654433
ModelNet40,train_clean,7,no_coords,0.0,,3209.071766138077,0.7642276422764228,0.7346029173419774,0.6707733273506165,0.00012107049786267923,0.9999999992309078,0.7417074899519643,1.2360088448370656,0.9909700851286611,0.7431118314424635,0.5255267423014587,0.3399513776337115,0.2354132901134522,0.16693679092382496,-0.3321442147898779,0.31667896746948826,-0.731368110794574,0.7554644326679408,0.6778122443705797
ModelNet40,train_clean,8,no_coords,0.0,,3291.241617202759,0.7733739837398373,0.729740680713128,0.6574360132217407,0.00015707685294816452,0.9999999988463617,0.841097431413589,1.284139084815979,0.9940632162555572,0.7337925445705025,0.5320097244732577,0.33630470016207453,0.2637763371150729,0.20542949756888168,-0.43647051620064303,0.4667781121097505,0.9557748040184378,-0.9459036659449339,0.6662095123529435
ModelNet40,train_clean,9,no_coords,0.0,,3341.2505600452423,0.75,0.7212317666126418,0.6381802558898926,0.00020228087533107628,0.9999999088625754,0.8065641564707602,1.388795671924468,0.990356917150559,0.7329821717990276,0.5141815235008104,0.3358995137763371,0.2346029173419773,0.1839546191247974,-0.4291996124433354,0.45924710342660546,0.959490260668099,-0.9399603432044387,0.6298951680958271
ScanObjectNN,train_clean,0,deg_only,0.0,log_deg,714.7145988941193,0.6190476190476191,0.5817555938037866,0.5304633975028992,2.3697451733578174e-05,0.9999999983890636,0.7051510988055049,1.2620834112167358,0.9912152596422144,0.5938037865748709,0.5542168674698795,0.3958691910499139,0.31497418244406195,0.2633390705679862,0.8382268851622939,-0.8556100310757756,-0.43059050203301014,0.3987912314478308,0.7497839343547821
ScanObjectNN,train_clean,1,deg_only,0.0,log_deg,721.0147755146027,0.670995670995671,0.5834767641996558,0.5304625034332275,2.6641803226477743e-05,1.0,0.6474053875820057,1.3125934633048806,0.9875168204307556,0.5886402753872634,0.5249569707401033,0.4010327022375215,0.31841652323580033,0.23235800344234078,0.8390827964991331,-0.8564902774989605,-0.4332449809648097,0.3998285015579313,0.7293615618348122
ScanObjectNN,train_clean,2,deg_only,0.0,log_deg,715.1625571250916,0.6233766233766234,0.5938037865748709,0.5417848825454712,2.4270650347052896e-05,1.0,0.6804792139981244,1.2822700062313594,0.9898431897163391,0.6092943201376936,0.5197934595524957,0.3838209982788296,0.29948364888123924,0.25645438898450945,0.8391400918364524,-0.8568965509533882,-0.42427792283706367,0.39188672569580374,0.7460170769691468
ScanObjectNN,train_clean,3,deg_only,0.0,log_deg,692.4252552986145,0.6406926406926406,0.5800344234079173,0.5206505656242371,2.5228230181194187e-05,1.0,0.6582083814852947,1.3122344919153162,0.9880829179609144,0.576592082616179,0.4991394148020654,0.43029259896729777,0.3253012048192771,0.2719449225473322,0.8428442245349288,-0.8594077287241817,-0.4256936723133549,0.39296884739305826,0.7507578853517771
ScanObjectNN,train_clean,4,deg_only,0.0,log_deg,710.1371159553528,0.6147186147186147,0.6265060240963856,0.5741404294967651,2.668051225506084e-05,1.0000000016109363,0.641822296219903,1.3468448761347178,0.9860667924623232,0.5955249569707401,0.5542168674698795,0.4165232358003442,0.3493975903614458,0.2547332185886403,0.8478232890367507,-0.8637750050053,-0.42397666714387017,0.3922847674693912,0.732077207416296
ScanObjectNN,train_clean,5,deg_only,0.0,log_deg,706.8648540973663,0.6363636363636364,0.5972461273666093,0.5405275225639343,3.2656549248369287e-05,0.9999999967781273,0.5947226189278267,1.3921732483683407,0.9819896672223065,0.6092943201376936,0.5163511187607573,0.4113597246127367,0.3270223752151463,0.28055077452667815,0.8477936329320073,-0.8631994169205427,-0.4205055185128003,0.38904493767768145,0.744658345207572
ScanObjectNN,train_clean,6,deg_only,0.0,log_deg,704.1482586860657,0.6017316017316018,0.5972461273666093,0.5720095038414001,2.541530763689504e-05,1.0,0.6604090010797655,1.287191452206792,0.9890362265947703,0.6144578313253012,0.5352839931153184,0.42168674698795183,0.2977624784853701,0.26506024096385544,0.8336517980322242,-0.8525613041594624,-0.425638049794361,0.3912698444444686,0.7358444561064243
ScanObjectNN,train_clean,7,deg_only,0.0,log_deg,705.449070930481,0.6493506493506493,0.5869191049913941,0.5385017395019531,3.0511210334716942e-05,0.9999999983890636,0.6139033340119027,1.3753759699898798,0.983450627004778,0.5903614457831325,0.5473321858864028,0.40963855421686746,0.3493975903614458,0.2719449225473322,0.8472054410725832,-0.8629983492195606,-0.42030257093720136,0.39100808277726173,0.7454203127324581
ScanObjectNN,train_clean,8,deg_only,0.0,log_deg,707.596474647522,0.6060606060606061,0.5834767641996558,0.527813196182251,3.097381404832295e-05,0.9999999983890636,0.6103069298976177,1.3757517176705438,0.9833987564653963,0.5869191049913941,0.5421686746987951,0.40619621342512907,0.31841652323580033,0.23235800344234078,0.8461614670231938,-0.8618103196844459,-0.4259260816499591,0.39516084105707705,0.7326770236343145
ScanObjectNN,train_clean,9,deg_only,0.0,log_deg,703.1268484592438,0.6017316017316018,0.5817555938037866,0.5314719676971436,2.5675112025252218e-05,0.9999999983890636,0.6593771754084407,1.3120699315457731,0.9879276575268926,0.5938037865748709,0.504302925989673,0.4010327022375215,0.32013769363166955,0.25301204819277107,0.8418591171503067,-0.858701285906136,-0.42785792010836304,0.39496481898240743,0.7456626050919294
ScanObjectNN,train_clean,0,full,0.0,,708.8294765949249,0.6406926406926406,0.612736660929432,0.5596840381622314,0.00019362867582507583,1.0,0.4701245958740647,1.3016252711012557,0.9803958374100763,0.6179001721170396,0.5542168674698795,0.4354561101549053,0.37005163511187605,0.2943201376936317,0.16152013889914088,-0.18971744680238772,-0.8373918892815709,0.8319161559455097,0.7473152461647987
ScanObjectNN,train_clean,1,full,0.0,,725.174576997757,0.6406926406926406,0.6144578313253012,0.5699015259742737,0.00028588303020286903,1.0,0.42283199324801163,1.3182875981201996,0.9721129762159811,0.6247848537005164,0.5473321858864028,0.4406196213425129,0.3648881239242685,0.27538726333907054,0.20320041166851296,-0.2300323317933362,-0.6895408110693098,0.6765352844027802,0.7308719638735056
ScanObjectNN,train_clean,2,full,0.0,,719.307457447052,0.6277056277056277,0.5903614457831325,0.5228354334831238,0.0002101139893843415,0.9999999983890636,0.4711251540763958,1.2959691382743217,0.9786922947780506,0.5955249569707401,0.5490533562822719,0.4268502581755594,0.33390705679862304,0.28399311531841653,0.19721588069696736,-0.22552207522312528,-0.7813236666144803,0.7746638561482542,0.7505012954771518
ScanObjectNN,train_clean,3,full,0.0,,730.7498395442963,0.6406926406926406,0.6196213425129088,0.5532912611961365,0.0002357733016676345,0.9999999967781273,0.4558258370773212,1.3068325036280863,0.9763321779869698,0.612736660929432,0.5352839931153184,0.4406196213425129,0.36316695352839934,0.27538726333907054,0.1904289478553153,-0.21790281672438142,-0.7387953838799148,0.7303819611435756,0.7473266647756099
ScanObjectNN,train_clean,4,full,0.0,,724.8033473491669,0.6493506493506493,0.6540447504302926,0.5822972059249878,0.00021596314252599622,0.9999999983890636,0.49407775982006175,1.2721145765201465,0.979852281712197,0.6144578313253012,0.5576592082616179,0.4165232358003442,0.35972461273666095,0.2633390705679862,0.14552602333919823,-0.17026056371687445,-0.7100652572698891,0.7016921218135395,0.7396102930605412
ScanObjectNN,train_clean,5,full,0.0,,815.7262241840363,0.6493506493506493,0.6247848537005164,0.5670626163482666,0.0002697560270757389,1.0,0.41160684501802597,1.3208719620833527,0.9728143150741989,0.6161790017211703,0.5094664371772806,0.4440619621342513,0.35456110154905335,0.306368330464716,0.2158660645753116,-0.24295270544789674,-0.7122198999859393,0.7001499587669968,0.7422785545140504
ScanObjectNN,train_clean,6,full,0.0,,754.5157873630524,0.6017316017316018,0.6144578313253012,0.5632003545761108,0.0001668753326599914,1.0,0.48656153920534495,1.2629206599415959,0.9834363412212681,0.6092943201376936,0.5335628227194492,0.4475043029259897,0.38209982788296043,0.2736660929432014,0.16877828399419742,-0.19761140933458138,-0.8428641767241061,0.8312385343015194,0.742683424577117
ScanObjectNN,train_clean,7,full,0.0,,745.3559057712555,0.6277056277056277,0.5783132530120482,0.5303410291671753,0.00035390164939107726,1.0,0.40249708133774836,1.3408344210805119,0.967539780848735,0.6024096385542169,0.5697074010327022,0.40963855421686746,0.387263339070568,0.2977624784853701,0.12772781187968577,-0.1516387194696108,-0.6354451922350564,0.6239020872395485,0.745423578619957
ScanObjectNN,train_clean,8,full,0.0,,733.3220717906952,0.5930735930735931,0.5886402753872634,0.5198257565498352,0.00012011198162547992,0.999999995167191,0.5441086558071343,1.2425780264106956,0.9877317483360702,0.6144578313253012,0.5490533562822719,0.4165232358003442,0.32013769363166955,0.27538726333907054,0.1646334644085073,-0.1954809275021944,-0.966289676912129,0.9601986110210419,0.7390359387546778
ScanObjectNN,train_clean,9,full,0.0,,723.2058236598969,0.6277056277056277,0.5920826161790017,0.5167490243911743,0.00021440944023984107,0.9999999983890636,0.4716773886938353,1.2676216428344314,0.9795605169760214,0.5903614457831325,0.5215146299483648,0.42512908777969016,0.38209982788296043,0.35800344234079173,0.16934296480794728,-0.19625761648640036,-0.7480779367149808,0.7327957179630176,0.7489141272008419
ScanObjectNN,train_clean,0,full_point_encoder,0.0,,1054.6354806423187,0.7056277056277056,0.6592082616179001,0.5952280759811401,0.00010203767836886786,0.9999999967781273,0.6246207469218487,1.2277457810736991,0.9907187030122087,0.6454388984509466,0.5989672977624785,0.4509466437177281,0.3270223752151463,0.26161790017211706,0.1304729397765186,-0.15876090635174478,-0.9415728511288762,0.9461052374914288,0.7863626390695572
ScanObjectNN,train_clean,1,full_point_encoder,0.0,,1038.9707674980164,0.696969696969697,0.6540447504302926,0.5981422066688538,0.0001273392514810218,0.9999999967781273,0.5848822078189334,1.2707142475489024,0.987501817780572,0.6333907056798623,0.612736660929432,0.4578313253012048,0.31841652323580033,0.2547332185886403,0.07767611562697993,-0.10603486825784784,-0.9465153409168124,0.9579157112166286,0.7714797720313072
ScanObjectNN,train_clean,2,full_point_encoder,0.0,,996.5383486747742,0.6883116883116883,0.657487091222031,0.5899327993392944,0.00011099154102880307,1.0,0.6174553455533208,1.2366006052171863,0.9896550130199742,0.6695352839931153,0.6110154905335629,0.4578313253012048,0.387263339070568,0.27882960413080893,0.13183908399005304,-0.15978357987924027,-0.9097641967236996,0.915740517899394,0.7763995626568794
ScanObjectNN,train_clean,3,full_point_encoder,0.0,,1004.6792612075806,0.70995670995671,0.6626506024096386,0.6099789142608643,0.00013269784540170804,1.0,0.5948265372095881,1.254182364489581,0.987906422163989,0.6729776247848537,0.5886402753872634,0.42512908777969016,0.3098106712564544,0.22547332185886404,0.10970135338012596,-0.13267766308936188,-0.8005143241025507,0.8052154888398946,0.7660312983393669
ScanObjectNN,train_clean,4,full_point_encoder,0.0,,980.5439820289612,0.7229437229437229,0.6833046471600689,0.6234867572784424,0.00013528565358609666,1.0,0.6068055694167679,1.2433946744815723,0.9881294111947756,0.6609294320137694,0.6006884681583476,0.42512908777969016,0.33218588640275387,0.23407917383820998,0.1252896398030316,-0.1494455663509143,-0.7519009410403669,0.7528534787707031,0.7557722219824791
ScanObjectNN,train_clean,5,full_point_encoder,0.0,,1047.7064361572266,0.7316017316017316,0.6506024096385542,0.5956952571868896,0.00015712403015837677,1.0,0.5302468957127752,1.299947039501087,0.9842472994649732,0.6695352839931153,0.5938037865748709,0.4475043029259897,0.3528399311531842,0.2977624784853701,0.07004221172082907,-0.0967734454348829,-0.9124758960679173,0.9208526995033026,0.7692636200785636
ScanObjectNN,train_clean,6,full_point_encoder,0.0,,868.554062128067,0.6666666666666666,0.6506024096385542,0.5984350442886353,0.00011245616946866535,1.0,0.5808185057060139,1.2417203574567228,0.9891133743363458,0.6626506024096386,0.5800344234079173,0.4784853700516351,0.37349397590361444,0.28399311531841653,0.10500636468423181,-0.1336292015095296,-0.9720713175833225,0.974192257784307,0.7952318741381168
ScanObjectNN,train_clean,7,full_point_encoder,0.0,,876.9683661460876,0.683982683982684,0.6471600688468159,0.5746740102767944,0.00013951227171944352,1.0000000016109363,0.544964803231729,1.274841840202744,0.9861121338766974,0.6695352839931153,0.6075731497418244,0.45438898450946646,0.3270223752151463,0.24096385542168675,0.0836107382658156,-0.11224538350993499,-0.9533301498740911,0.9587209947407246,0.7900203463435173
ScanObjectNN,train_clean,8,full_point_encoder,0.0,,863.4857487678528,0.7012987012987013,0.6402753872633391,0.5955091714859009,0.00012095980806358007,0.9999999967781273,0.6043957560449034,1.243877378669945,0.9889595573012894,0.6592082616179001,0.6058519793459552,0.46987951807228917,0.3270223752151463,0.27538726333907054,0.1037386511965451,-0.1293499835093826,-0.8837468842044472,0.8900735072791577,0.8403335502743721
ScanObjectNN,train_clean,9,full_point_encoder,0.0,,856.3679370880127,0.6926406926406926,0.6437177280550774,0.589705765247345,0.000127623432490509,1.0,0.6342105172775887,1.2538990877770089,0.9888554054337579,0.6695352839931153,0.5972461273666093,0.48881239242685026,0.36316695352839934,0.2547332185886403,0.05045186865972937,-0.07642806980032332,-0.852194319665432,0.8643371675163507,0.8050325679779052
ScanObjectNN,train_clean,0,md_only,0.0,,763.6801915168762,0.6190476190476191,0.5869191049913941,0.5398330092430115,0.0001271202797667954,1.0,0.5267647722282925,1.2763305644731264,0.9864827023970114,0.6110154905335629,0.5301204819277109,0.41480206540447506,0.3442340791738382,0.27538726333907054,0.14364563225972232,-0.17263017205777942,-0.9865639789029956,0.9901492744684219,0.7392339713126421
ScanObjectNN,train_clean,1,md_only,0.0,,755.9541318416595,0.6536796536796536,0.5869191049913941,0.5486800670623779,0.00012985480016386891,1.0,0.5075537014651943,1.277994365305514,0.9860589439804489,0.6024096385542169,0.5387263339070568,0.44922547332185886,0.3407917383820998,0.2547332185886403,0.14626410133059836,-0.17541201089989045,-0.9875973112881183,0.9897342452779412,0.7275528862327337
ScanObjectNN,train_clean,2,md_only,0.0,,795.5198159217834,0.6060606060606061,0.6075731497418244,0.545756459236145,0.00011576784183145375,1.0,0.5653577938273147,1.2615779960477673,0.987961461415162,0.621342512908778,0.5438898450946644,0.4113597246127367,0.35111876075731496,0.22547332185886404,0.13614963047366474,-0.165706229294301,-0.9860978044569493,0.9917996747419238,0.7413379752635956
ScanObjectNN,train_clean,3,md_only,0.0,,727.6304552555084,0.6406926406926406,0.5800344234079173,0.5154621601104736,0.0001408693361382403,0.9999999967781273,0.5029766680421056,1.2962053563143756,0.9844154296694575,0.6024096385542169,0.5180722891566265,0.4354561101549053,0.3648881239242685,0.2977624784853701,0.1411059593727259,-0.16990023784092045,-0.9858159445226192,0.9913311233744025,0.7365509534627199
ScanObjectNN,train_clean,4,md_only,0.0,,725.0598633289337,0.6320346320346321,0.5800344234079173,0.5181699991226196,0.00012829341662959573,1.0,0.5203032703013033,1.2696937644803845,0.9863487852586282,0.5834767641996558,0.5180722891566265,0.3528399311531842,0.3132530120481928,0.2633390705679862,0.14102175858351984,-0.17161547360083204,-0.988869589008391,0.9890845790505409,0.7281222136318684
ScanObjectNN,train_clean,5,md_only,0.0,,740.0511248111725,0.6190476190476191,0.5817555938037866,0.5094643831253052,0.00010344203847863182,0.9999999983890636,0.5912755067284042,1.2362869494670146,0.9897470506461891,0.5817555938037866,0.4974182444061962,0.4354561101549053,0.3614457831325301,0.3098106712564544,0.135421407976537,-0.1644987001118352,-0.9859122253954411,0.9908098386600613,0.7461301152408123
ScanObjectNN,train_clean,6,md_only,0.0,,726.4974608421326,0.6103896103896104,0.6024096385542169,0.5579931139945984,0.00011707071098499,1.0,0.5472150912155976,1.2561965568645581,0.9878717419263479,0.6058519793459552,0.4939759036144578,0.42168674698795183,0.3287435456110155,0.270223752151463,0.13156093334473554,-0.160481412091292,-0.9879541974514723,0.9896502690389752,0.7336532612890005
ScanObjectNN,train_clean,7,md_only,0.0,,726.1604657173157,0.6190476190476191,0.5938037865748709,0.530556857585907,0.0001161038048480436,1.0,0.5628452156041119,1.2593583190763318,0.9880356563104166,0.5903614457831325,0.5301204819277109,0.4388984509466437,0.3958691910499139,0.29259896729776247,0.1394329424820171,-0.1690565340997182,-0.9856429001316428,0.9910921171307564,0.7383649718761444
ScanObjectNN,train_clean,8,md_only,0.0,,732.5402927398682,0.6147186147186147,0.6006884681583476,0.5491710305213928,0.00013795189364385364,1.0,0.5055856092556102,1.286743756887075,0.984911103506346,0.5903614457831325,0.5283993115318416,0.4079173838209983,0.33390705679862304,0.28055077452667815,0.14404993535740687,-0.17268779532687403,-0.9865525171160698,0.9901010194793344,0.7288522591441869
ScanObjectNN,train_clean,9,md_only,0.0,,746.0883991718292,0.6147186147186147,0.6041308089500861,0.5426282286643982,0.000147512555240364,1.0,0.5120143205732912,1.3160936026959806,0.983542029922073,0.6041308089500861,0.5146299483648882,0.40963855421686746,0.342512908777969,0.2667814113597246,0.1402218122719205,-0.16970724770508241,-0.9813271248713136,0.9939926421269775,0.7385161754488945
ScanObjectNN,train_clean,0,no_coords,0.0,,719.7072141170502,0.6320346320346321,0.6092943201376936,0.5685291886329651,9.22644765130433e-05,1.0,0.5622862738531988,1.2336767106442839,0.9890518156257836,0.6058519793459552,0.5438898450946644,0.42168674698795183,0.3648881239242685,0.29604130808950085,0.3241153473103623,-0.35446380970533936,-0.965942732989788,0.9623613663017749,0.7472395690530539
ScanObjectNN,train_clean,1,no_coords,0.0,,741.5301795005798,0.6493506493506493,0.6058519793459552,0.549043595790863,0.0001134927076998645,1.0,0.5015663182413256,1.271156272372684,0.9852884154062014,0.6041308089500861,0.5249569707401033,0.4629948364888124,0.3407917383820998,0.27538726333907054,0.33690291469192746,-0.367309129179921,-0.9625560509040951,0.9607625883072615,0.7274794220179319
ScanObjectNN,train_clean,2,no_coords,0.0,,728.1971182823181,0.6103896103896104,0.6024096385542169,0.5416837334632874,9.698996851708412e-05,0.9999999983890636,0.5643177193564337,1.2432129640836973,0.9882848874942677,0.6161790017211703,0.53184165232358,0.4165232358003442,0.33562822719449226,0.270223752151463,0.3100279835416586,-0.340861790064082,-0.9670096324756742,0.9670291341841221,0.7465514939278364
ScanObjectNN,train_clean,3,no_coords,0.0,,757.7962849140167,0.6406926406926406,0.5989672977624785,0.5349751710891724,8.500551789561664e-05,1.0,0.5799597799777985,1.235815718367293,0.9890753949010694,0.6075731497418244,0.5249569707401033,0.4406196213425129,0.36316695352839934,0.2943201376936317,0.3746146646648413,-0.4046823664568365,-0.9486148899421096,0.9483127478510142,0.7407380826771259
ScanObjectNN,train_clean,4,no_coords,0.0,,719.2692837715149,0.6233766233766234,0.6196213425129088,0.5691286325454712,0.00011006176312032433,1.0,0.5250567181690319,1.2624245817596849,0.9861507947380478,0.6144578313253012,0.5507745266781411,0.42512908777969016,0.3476764199655766,0.2891566265060241,0.31787472415016965,-0.34958827912341806,-0.9664185002446175,0.9654737563803792,0.7268793070316315
ScanObjectNN,train_clean,5,no_coords,0.0,,729.7256071567535,0.6406926406926406,0.5920826161790017,0.5169876217842102,0.0001273659721403886,1.0,0.5149138432902258,1.271375862327782,0.9856758890925227,0.6041308089500861,0.5111876075731497,0.4440619621342513,0.37005163511187605,0.3046471600688468,0.18732277208655432,-0.2170289860208868,-0.9852184763178229,0.9873862138018012,0.7448507872223854
ScanObjectNN,train_clean,6,no_coords,0.0,,716.8454701900482,0.6017316017316018,0.5800344234079173,0.5365682244300842,9.205158572955485e-05,1.0,0.5602113105155326,1.2250134268322506,0.9893776613312799,0.6058519793459552,0.53184165232358,0.4423407917383821,0.39070567986230637,0.2908777969018933,0.29923978963925035,-0.329619082598947,-0.9715578669682146,0.96458945479244,0.7354514533281327
ScanObjectNN,train_clean,7,no_coords,0.0,,718.2365691661835,0.6320346320346321,0.5783132530120482,0.5253076553344727,0.00011110854530990175,1.0,0.5217397881520761,1.2621307824109051,0.9861698988321665,0.5920826161790017,0.5301204819277109,0.4268502581755594,0.35800344234079173,0.26161790017211706,0.3143184911226854,-0.3452415606863724,-0.9663286605849862,0.9655496319755912,0.7384572373330593
ScanObjectNN,train_clean,8,no_coords,0.0,,703.8366777896881,0.6233766233766234,0.6075731497418244,0.5382809042930603,0.00010346169025020522,1.0,0.5390553168348364,1.2429898751748574,0.9879318604598174,0.5938037865748709,0.5438898450946644,0.4354561101549053,0.35800344234079173,0.31669535283993117,0.28252036264821073,-0.31236186647147407,-0.9764536639675498,0.9720967872068286,0.7322745827585458
ScanObjectNN,train_clean,9,no_coords,0.0,,808.1733906269073,0.6103896103896104,0.5886402753872634,0.5253056287765503,9.542239943560137e-05,1.0,0.5848002039097451,1.2421828733908165,0.989050618700079,0.5800344234079173,0.5094664371772806,0.42168674698795183,0.3855421686746988,0.31153184165232356,0.28648788903519745,-0.3172684258897789,-0.9710977731272579,0.9749452142044902,0.750262957662344
